charging_station_id,session_count,unique_users,avg_energy_kwh,avg_duration_min,avg_cost_usd,avg_distance_km,avg_temperature_c,dc_fast_ratio,commuter_ratio,cluster
Station_1,3,3,51.087991024260795,68.64704046923714,25.160734485840806,171.1194559918688,20.590786365707476,0.3333333333333333,0.3333333333333333,2
Station_10,6,6,42.40894553855526,69.16433417356568,23.776299668536634,83.08449827185873,13.44193947294327,0.5,0.8333333333333334,0
Station_100,2,2,40.97564328583755,125.68491814679419,23.96329128435603,110.95932615777005,15.190336418916417,0.0,0.0,2
Station_101,3,3,37.381695925720436,218.77745280017277,13.624996412519934,62.04848513972305,19.610082231099316,0.6666666666666666,0.3333333333333333,1
Station_103,3,3,19.83742621100389,158.1396021717902,27.772119529190363,158.54427734764516,8.962167239576155,0.3333333333333333,0.0,2
Station_104,2,2,53.68487446171341,214.92717507591,26.86968941129215,180.29771094507174,12.664521979569178,0.5,0.5,3
Station_105,3,3,36.744810266861144,177.24723619725083,28.483008705639918,192.28120613389277,13.730276677598155,0.3333333333333333,0.3333333333333333,2
Station_106,4,4,44.518502972276394,168.10909610414592,18.592756804430987,149.25629296673134,23.185252448062727,0.0,0.75,0
Station_107,3,3,32.25656387639902,132.46527433991383,19.418787453985143,221.2370565757166,26.064686681063872,0.0,0.6666666666666666,2
Station_108,8,8,49.87280869859743,144.19317656119793,21.711061910746146,151.57744723010904,8.914750969762581,0.25,0.375,0
Station_109,3,3,11.049417439957162,105.71512933173427,33.80744796826962,226.67910126140157,21.685028034978984,0.3333333333333333,0.3333333333333333,2
Station_11,2,2,61.163407354746525,104.5296871109642,14.688921421386935,55.39370138147736,34.92103432230738,0.5,0.0,3
Station_110,2,2,31.136921282462218,102.2116469607878,26.320928067732105,75.26504125112811,18.73330112450278,0.0,0.5,2
Station_112,2,2,33.07416306664123,203.9136427083277,7.959461002740536,160.24123517461203,15.970794881533596,0.5,0.5,1
Station_114,2,2,36.83609510458811,151.2416285627879,25.11508873407669,46.42603402242263,15.093825715445991,0.0,0.0,1
Station_115,1,1,65.89318362199285,188.77503814656995,11.037673144471253,74.92331106392334,13.419629558552458,0.0,0.0,1
Station_116,1,1,43.254517140810776,192.64586233461864,13.374711200908711,156.19622550598012,27.8175569749438,0.0,1.0,1
Station_117,3,3,84.54270749689138,114.97685408925155,27.311477411941663,117.58447978292129,14.377557618007389,0.3333333333333333,0.3333333333333333,3
Station_118,3,3,35.672376123676024,188.55163104784137,27.805602206365222,179.0281321328964,6.864480313365881,0.6666666666666666,0.0,3
Station_119,4,4,50.70755747777928,170.0474811896268,24.811666258798265,173.93415042559977,7.804515084328649,0.75,0.0,0
Station_12,3,3,46.22647319694229,158.47017454907194,22.575095650531676,149.7388636304286,24.12721806430021,0.3333333333333333,0.6666666666666666,2
Station_120,4,4,59.542275809650945,132.5875378309482,20.113923429744418,168.0107426813354,15.13870112081034,0.5,0.25,0
Station_121,3,3,57.28652916308264,75.78698930069932,19.898687522783828,112.63733375610867,10.522341962833694,0.0,0.3333333333333333,2
Station_122,2,2,51.23161917860068,122.00347009140285,9.625201592379728,129.92046665126588,15.437227695452162,0.5,0.0,1
Station_123,2,2,71.54938555477273,83.49770731871762,29.857239084830617,214.64151096949337,2.8649055765146745,0.5,0.5,3
Station_124,2,2,32.933794570354145,123.26273631810088,27.58073878440083,183.1912462520571,10.36647406009132,0.0,0.5,2
Station_125,2,2,35.031699917289316,115.3934712419029,18.48439428930964,183.6875688189234,1.6704182840056268,0.5,0.0,3
Station_126,1,1,46.77551047348464,187.11050651165965,18.58840410649021,246.2228512697588,27.26694562215317,0.0,0.0,2
Station_127,5,5,44.46463380903477,178.68038302791115,22.202548443795408,243.0411584086005,18.48853779150117,0.2,0.6,0
Station_128,2,2,36.771276372165104,160.64256123150597,15.108830098112056,17.23433605187758,6.491883826995991,0.5,1.0,1
Station_129,5,5,36.89954075052511,111.35303629958044,15.535787567301455,133.1117268472716,15.957954529778366,0.4,0.6,0
Station_13,5,5,50.51346524876667,165.07410109302606,20.633713806357935,181.41025118388535,12.65864758345642,0.4,0.4,0
Station_130,5,5,43.09192030331186,114.46602552224617,27.86436511085061,160.22962762924982,28.372925034676435,0.4,0.4,0
Station_131,2,2,39.38478437131276,153.4930480236368,12.896339266613104,184.66294701286898,4.30125453954233,0.0,1.0,1
Station_132,3,3,21.812351055087564,137.3788136167247,16.81934581945246,171.88431976019913,-6.7415375110587314,0.6666666666666666,0.6666666666666666,3
Station_133,1,1,39.88426993608347,182.21458844010488,20.3396103891378,172.51949017269516,31.63668928912557,0.0,0.0,2
Station_134,3,3,63.08094076702042,124.30455141307421,13.808051633649677,105.97577112564541,7.707265062603088,0.3333333333333333,0.0,1
Station_135,2,2,29.614573156032165,120.70437959054341,12.451927465544188,102.57238191584362,1.5533399119388056,0.5,0.5,1
Station_137,1,1,54.64087910335184,194.9797283439152,18.84386067263988,130.55196295061603,12.629501276977535,0.0,1.0,1
Station_138,1,1,5.868319195612725,53.4437043058845,21.90827594100225,280.9762024240972,-1.5624897888461415,0.0,1.0,2
Station_139,2,2,70.3269852003537,230.36442435360067,22.1808198424685,137.26147120942903,15.844305343713975,0.0,0.5,1
Station_14,4,4,27.845385516974464,158.69810271160551,26.105835801319223,121.87683178888177,18.551448664347017,0.5,0.0,0
Station_140,6,6,41.011545150297444,142.76975071124522,23.3850816733475,211.616898761785,23.182391628952715,0.16666666666666666,0.0,0
Station_141,2,2,21.836964035495786,218.76825731695448,35.101208949305445,79.87039421444271,10.636248174737608,0.0,0.0,2
Station_143,4,4,47.34368652059072,167.61620576248794,18.061740317858522,120.16935989429416,12.970675959622548,0.25,0.25,0
Station_144,2,2,68.3917893757504,114.98978685848199,14.491364928660083,271.11028134139565,22.277832128388045,0.0,0.0,2
Station_145,6,6,37.91611184599296,160.05995413574783,17.13359770750903,167.98437421381516,12.713448681253224,0.3333333333333333,0.3333333333333333,0
Station_146,4,4,45.027120310807376,138.12076213919846,20.8137149807998,173.76266297120506,5.014580011709946,0.5,0.25,0
Station_147,2,2,22.413847700145947,106.13592613781145,23.473421253865375,207.6744478563823,0.580185589828778,0.5,0.5,2
Station_148,2,2,46.613135934860686,187.31362272010028,25.822404381569974,0.0,1.752925144837886,0.0,0.5,1
Station_149,4,4,47.746794932725074,72.33167569332477,30.053031338986514,154.54505845465093,16.25445445565107,0.0,0.25,0
Station_15,1,1,17.704737472368393,207.75429245004935,19.91512428981757,258.64567065665085,-9.34537521505764,1.0,1.0,3
Station_150,3,3,24.345949539976445,94.99492822997712,20.843228717847307,132.02565827635647,26.584173677265927,0.3333333333333333,0.3333333333333333,2
Station_151,4,4,40.3931496924688,111.8875515225096,26.71089922571093,104.55918011408929,21.42573431722281,0.5,0.25,0
Station_152,3,3,44.02085482071495,108.19767186767866,24.471302340573825,236.0758433879017,10.635441098861598,0.0,0.0,2
Station_153,1,1,6.443672288667047,158.07176505923007,8.85537738528694,11.742221498100374,-4.27530532725275,0.0,0.0,1
Station_154,5,5,38.31302542573799,101.79914666961017,25.655002531979612,140.0722285245842,19.23567428958661,0.0,0.0,0
Station_155,4,4,56.093043516586114,153.27298924843467,16.34466985702689,210.37077145641467,10.772160564269704,0.0,0.25,0
Station_156,2,2,54.55039456772093,185.18520799304557,6.135987776557798,120.37268128719317,12.015056216804718,0.0,0.0,1
Station_157,2,2,37.86114479129269,129.4142186912256,18.079145761727823,181.25458667054758,0.7923368532638033,0.5,1.0,1
Station_158,3,3,57.46324884871518,154.48923830575103,21.70110597881494,115.42317558758297,22.106259519194566,0.3333333333333333,0.3333333333333333,2
Station_159,1,1,68.45025675480477,131.16895091576205,14.502847435826103,61.80897320870788,18.59929373713665,0.0,1.0,1
Station_16,3,3,28.169457575581045,139.06244163766308,21.78930926710566,230.95018222637512,15.185613084806684,0.6666666666666666,0.0,3
Station_161,3,3,25.677039971335706,129.5587366203592,21.530727245518946,78.67336352487196,12.892472930707283,0.0,0.6666666666666666,2
Station_162,4,4,44.57181346640394,142.20335008747693,20.543857723230282,161.92519676019594,15.220568816584104,0.0,0.75,0
Station_165,1,1,9.04773210705438,118.06286872444038,25.26991752497037,286.8427865836956,37.03618549441143,1.0,1.0,3
Station_166,4,4,39.075373524294676,148.1981459739339,24.12143948911328,97.79530091747814,18.74370580041651,0.25,0.5,0
Station_167,2,2,58.21457118427343,95.52254408688647,7.596252631272743,111.86261144012298,8.4957349761705,0.5,1.0,1
Station_168,3,3,48.948796008962894,140.26110391253303,31.675611482513403,156.04961772474783,14.362584671233959,0.6666666666666666,0.0,3
Station_169,4,4,38.940311831610664,219.13188181884124,25.584560585144896,256.3018315324431,17.005343664638303,0.0,0.75,0
Station_17,7,7,38.63230722372972,193.08285028517258,23.118091727189288,141.88364424063906,13.535502519826341,0.5714285714285714,0.14285714285714285,0
Station_170,3,3,28.1634464541231,106.70903959369191,20.08682399370367,88.12361434982121,12.396049742204339,0.0,0.3333333333333333,2
Station_171,3,3,40.7005539143579,124.15079210306173,24.49830597630854,241.3126861624911,10.376336594099486,0.3333333333333333,0.3333333333333333,2
Station_172,2,2,72.74851829430267,112.85722855536397,18.320119197228994,229.89726748722984,20.439309649128415,0.5,0.5,3
Station_174,2,2,24.08137014012325,171.66246609626126,21.14444169352498,235.16228751348092,6.9468789737922005,0.0,0.5,2
Station_175,1,1,13.876557599494063,129.87125604087794,9.886443112353827,192.98821300367177,37.25231990107531,1.0,0.0,3
Station_176,3,3,43.253111261306266,135.41165062647363,26.98677605683014,118.39931279215251,6.753101395515812,0.3333333333333333,0.3333333333333333,2
Station_177,2,2,48.244005590873776,121.56769837519258,23.020444774982302,70.02118170709548,-1.8012823289837343,0.0,0.5,1
Station_178,3,3,34.98834853459816,148.44188960959292,21.990672020152356,131.2851447543669,14.887081511580925,0.3333333333333333,0.0,2
Station_179,3,3,63.25498148369446,82.63769171530727,29.88097109716463,71.95854981017692,23.109127571843274,0.0,0.3333333333333333,2
Station_18,6,6,32.25946187858034,142.04929453561473,27.20731930384264,158.66831170021592,19.985995666751325,0.16666666666666666,0.3333333333333333,0
Station_180,5,5,65.40995299623577,142.6427632689368,26.77975615730232,172.8983833162658,22.930090901440412,0.0,0.6,0
Station_181,6,6,30.15357489063824,134.28745802126352,20.313283199849568,148.2638827064097,22.937429416460947,0.6666666666666666,0.3333333333333333,0
Station_182,4,4,44.277070813068974,150.98963358876358,21.741306395732124,158.47563979490434,9.477481275395904,0.75,0.0,0
Station_183,2,2,62.81655597981362,131.46188189238404,15.384413246283447,170.36810860383594,9.333079348640613,0.0,0.0,1
Station_185,4,4,36.773927909232526,185.80583732967352,21.448566060311855,200.1277353912388,18.448262778779405,0.25,0.25,0
Station_186,3,3,50.38403821325516,126.40508304357276,29.13713071785226,118.70671472013271,11.232930680110934,0.6666666666666666,0.0,3
Station_187,2,2,16.2668502466057,97.91765163642006,19.256665786588798,246.1067290318789,1.8342902648926722,0.0,0.0,2
Station_188,2,2,51.800308263124776,139.2592560661279,11.323789728539252,138.4889944157279,13.106229791662395,0.5,0.5,1
Station_189,3,3,35.68817057776926,198.020187890633,20.016085591790965,251.4157346819561,10.917061136231212,0.3333333333333333,0.3333333333333333,2
Station_19,6,6,24.49259153864862,160.0340633271368,25.239905201446405,99.40011073548429,9.38817124028437,0.5,0.3333333333333333,0
Station_191,2,2,34.730637595503666,97.54484382294156,26.265070793734814,130.17652251846457,32.96633789645483,0.5,0.5,2
Station_192,3,3,44.85604389801782,107.79216319922763,21.246129007060457,146.29430354394836,-0.6681684612690179,0.3333333333333333,0.6666666666666666,2
Station_193,2,2,36.13217780846464,315.3044466426545,23.066979224613448,121.91196708657742,10.19226843136879,0.5,0.5,1
Station_194,3,3,27.91184348688351,89.09697465263844,18.48869104996444,285.19710031936256,14.05842457277678,0.0,0.3333333333333333,2
Station_195,1,1,76.44990710737748,136.36418020286132,11.346111662873582,42.6202888880497,32.60796419574568,1.0,0.0,3
Station_196,3,3,46.46748796350443,134.23433874833574,29.53931595598201,216.38804196462914,18.27863195526235,0.0,0.6666666666666666,2
Station_197,3,3,47.79710243692947,182.38202031401457,20.607446089382083,234.43573019172274,15.466515266926836,0.3333333333333333,0.3333333333333333,2
Station_198,5,5,48.96875326126815,140.9574347142422,21.24081165673193,185.48103203984937,16.779069881303982,0.4,0.2,0
Station_199,3,3,47.709710425986344,108.047846608184,30.68496205356391,155.7003408322366,15.948856985180013,0.3333333333333333,0.0,2
Station_2,3,3,13.267271122180299,157.5259557228085,32.24851867546331,154.30027241232202,15.728212504990099,0.3333333333333333,0.6666666666666666,2
Station_20,1,1,34.80201788379793,51.12298788529102,28.327978747958777,0.0,14.224294146774383,1.0,0.0,3
Station_200,5,5,59.348504226038926,167.41113944326713,28.764989095393123,185.16813269423704,30.167303797861848,0.6,0.4,0
Station_201,2,2,51.171112016955306,173.44674562037346,12.259589502721255,178.768203254137,27.305678062995284,1.0,0.5,3
Station_203,3,3,41.013802865402816,87.91511308353022,33.38282510559632,165.01569083924528,-0.9440541638552146,0.3333333333333333,0.6666666666666666,2
Station_204,4,4,35.90301193769926,100.59533568276036,10.0555240516379,206.21845727594675,19.022486875089243,0.25,0.25,0
Station_205,3,3,58.94659752756909,86.85678236936076,35.67576384007692,153.31124953844483,15.927400942467065,0.0,0.6666666666666666,2
Station_206,3,3,41.80405527658181,150.88599519360633,23.034002560025574,131.49931577430172,5.823780208370676,0.6666666666666666,0.0,3
Station_207,1,1,58.11274413766781,154.33350462853252,36.43538613690158,293.12024763177186,24.134468954808234,0.0,1.0,2
Station_208,3,3,53.84357360449612,137.95584348535874,12.947968095270634,183.55267951515023,18.50662928030336,0.0,0.3333333333333333,1
Station_209,2,2,43.27307577237536,175.31644024313601,21.200052249892813,234.67789160189523,19.75781077600509,0.5,0.5,3
Station_21,1,1,79.3573768668566,201.95954176024577,17.50476255364154,222.15898643906212,24.910424822617003,1.0,1.0,3
Station_210,2,2,40.98947837908302,154.32034151886612,30.79737524251437,202.10623813238038,11.174508896419585,0.0,0.5,2
Station_211,6,6,56.27842791736621,124.4833259336102,27.855370354203114,86.67575549351135,18.630400899527235,0.3333333333333333,0.5,0
Station_212,3,3,37.80207716739701,160.4711056349199,19.59239453113791,259.08931077136674,8.575168409468084,0.0,0.6666666666666666,2
Station_213,2,2,13.068114294264184,172.06716546396825,26.81777376643421,174.02648350535395,1.4748620803930974,0.0,0.0,2
Station_214,4,4,49.36966231185655,156.87974167680764,16.31632019594554,174.0813038034847,-1.6493216417114862,0.0,0.5,0
Station_215,3,3,35.90046350019185,87.75598765359551,20.280789040850976,176.30380979830593,8.802853912831639,0.0,0.3333333333333333,2
Station_216,5,5,34.73051769108934,174.65900355637604,14.169005822470544,137.14510945821263,23.648030259999963,0.2,0.2,0
Station_217,2,2,64.37102693745636,109.96476530029955,30.13077009282204,172.4557688254306,21.779383339689307,0.5,1.0,3
Station_218,1,1,10.241885891596077,83.68482615484278,34.65331381094593,295.9150268898221,18.15385475237356,1.0,1.0,3
Station_219,4,4,56.993931497965534,130.69607395723466,33.42124698424146,68.28805980932765,20.176824459581127,0.5,0.5,0
Station_22,1,1,61.93297987243194,166.12597655452433,24.521404012067748,17.954439564327608,0.7108576076491264,0.0,0.0,1
Station_220,4,4,38.65532118311481,150.12183240690013,35.837221852997985,98.71061573524096,6.658604994087598,0.5,0.25,0
Station_221,3,3,42.378372073259946,150.80612030148237,12.758539429364381,197.0057977314973,7.959573851094862,0.0,0.3333333333333333,1
Station_222,1,1,10.450657832354688,85.69777402951046,32.560979001782584,85.92100724905812,20.63494735094825,0.0,0.0,2
Station_223,2,2,30.739933801329627,121.55171170887871,8.139146937403998,169.78296737800906,12.17480717584023,0.5,0.0,1
Station_224,1,1,65.431016913359,55.76919322533804,10.395657972388529,71.43600424010651,30.199709557192065,1.0,0.0,3
Station_226,4,4,26.06583770646743,185.41532232525768,18.06495269443189,214.15385765973252,12.088822240125918,0.5,0.0,0
Station_227,2,2,27.914470629332477,119.36991828314257,22.210599111333263,134.77424388488865,4.582906955899621,0.5,0.0,2
Station_228,3,3,64.9529538288294,96.45933511759218,27.61550029318994,224.35743882470192,22.009027129742904,0.6666666666666666,0.3333333333333333,3
Station_229,3,3,33.047877059859765,208.3293232162376,21.521363698299258,132.64002168637765,0.736453455147602,0.0,0.3333333333333333,1
Station_23,2,2,40.7292811810643,150.11662141433897,11.053001372720228,193.9918013012191,0.5073176365512886,0.0,0.0,1
Station_231,2,2,22.985164759395882,131.31841149814358,26.033751910260953,238.58402841915608,34.76937300354007,0.0,0.5,2
Station_232,3,3,47.970549406368114,123.1952491769966,27.997518240245693,224.85873548302587,7.597822462916066,0.3333333333333333,0.3333333333333333,2
Station_233,2,2,34.6400463152375,120.94048284505436,18.020413495139433,132.82925506702543,1.91574784308431,0.0,0.0,1
Station_234,3,3,51.55434582640212,109.52311924710769,21.127832310797736,110.28282371643087,18.403213490550726,0.3333333333333333,1.0,2
Station_235,1,1,35.84413909327468,227.6993749154072,13.90718176938208,263.5762086133218,9.18785717676932,1.0,0.0,3
Station_236,1,1,44.72944867558798,81.28293936946925,23.684786375233543,174.43146191095198,12.80764367381328,0.0,0.0,2
Station_237,4,4,35.42406581072104,138.70752317936942,17.27777086273879,130.38999618248354,15.748349964399175,0.5,0.25,0
Station_238,3,3,58.998626525055215,169.86714485415996,25.042454870081244,150.31363834664765,18.15768758241001,0.6666666666666666,0.3333333333333333,3
Station_239,2,2,43.68068743933155,101.42603770856915,23.17774822368688,249.5432916448901,12.179197356195672,0.5,0.0,3
Station_24,1,1,11.321914132806013,109.30858128633749,3.059041506634992,111.69908224424638,-0.8868868986711951,0.0,0.0,1
Station_240,2,2,41.22185355806392,109.13088492646193,6.532531094361278,153.05420582204593,16.052731181664456,0.0,0.5,1
Station_241,1,1,34.54134762062127,152.3506952174317,26.03350587352015,181.85383722004755,13.028878136959383,1.0,1.0,3
Station_242,3,3,40.33755790485453,142.53454227717953,17.736060614821444,190.96798174489518,14.188473426028759,0.3333333333333333,0.0,2
Station_244,2,2,30.858524690954674,43.07913679890433,20.77379402931445,123.78131225774962,25.60391173048162,0.0,0.5,2
Station_246,6,6,31.358101080724563,109.26226024530791,20.141366406820588,134.0530863525896,19.302939991625912,0.0,0.3333333333333333,0
Station_247,2,2,53.60355611697022,113.36358827703509,26.64147897391278,35.45627590442558,22.17718166658591,0.5,0.5,3
Station_248,2,2,45.885779772600266,154.69983442721343,5.836474875734855,155.96828436387716,9.791260541155252,0.5,0.5,1
Station_249,2,2,29.53906716517663,76.59465791232051,18.284862342027594,118.40301990934049,15.648503900147311,0.5,0.5,2
Station_25,3,3,53.5030278426053,149.41145289938024,25.811640594457653,190.82908659943467,15.95257576875214,0.0,0.3333333333333333,2
Station_250,2,2,69.17055596480915,121.43613833480534,18.17830729531696,297.1434890075373,25.151272672159187,0.0,0.0,2
Station_251,3,3,22.378520889511833,180.92976215931262,22.31564276162294,70.08513427821731,20.1303377086064,0.6666666666666666,1.0,3
Station_252,2,2,24.618926191619188,98.82942108426774,23.319945821341634,162.35366807026605,24.714176908031163,0.5,0.0,2
Station_253,2,2,63.68622706171712,74.10298121789876,26.592649579209535,118.6877862944246,0.8193954728102986,0.5,0.5,3
Station_254,4,4,43.26486502533212,175.25463073893422,17.791860054127895,155.64923189349204,13.996115526547431,0.25,1.0,0
Station_255,4,4,26.487646855704913,117.28943722642488,19.592346999409315,103.30066869599328,7.819015911730393,0.25,0.75,0
Station_256,2,2,33.39763656991421,65.86734958212409,19.700396490393373,184.78157168447635,29.092201049703423,0.0,0.5,2
Station_257,1,1,41.57891512365271,64.61991559877552,7.26985449231802,149.93485696789244,21.27698236167988,1.0,0.0,3
Station_258,4,4,47.57672155113433,139.3602384942783,22.979920873876043,221.8217696746462,15.77458111558722,0.0,0.0,0
Station_259,2,2,37.0655896062759,118.39280920477066,25.66809009875606,173.15236192784786,14.302233044324453,0.0,0.5,2
Station_26,3,3,40.33392881392375,131.15787127327363,21.376954179478904,125.07695837302221,14.674270139600026,0.0,0.6666666666666666,2
Station_260,1,1,73.37136541275711,181.3579658383032,11.868121617666544,180.45248661608585,7.7234244347131025,0.0,1.0,1
Station_261,1,1,69.4391779041177,219.57549682932031,12.612642335915623,266.8298766338761,9.994231760286434,0.0,0.0,1
Station_262,4,4,38.56825484695668,132.33672811741886,11.274753078849225,149.5432099831224,23.576672542345165,0.25,0.5,0
Station_263,2,2,39.710636189253805,146.4789248120129,19.020483397695102,179.79764645633446,29.885015953034895,1.0,0.5,3
Station_265,2,2,50.111125597676576,155.27286543165616,13.858571936439308,201.34184783506473,19.569193891283504,0.0,1.0,1
Station_266,5,5,40.7409322766421,104.77925718343886,19.483343040086304,80.52032961010069,20.60838610197451,0.4,0.4,0
Station_267,2,2,45.55708341275455,96.2780012928618,21.247085040193845,150.4861559602913,17.33837730452547,0.5,0.0,3
Station_268,4,4,63.44186911690642,67.51243964519463,25.966137945794326,172.66032728941408,17.007472273998488,0.5,0.5,0
Station_269,2,2,28.273867472929602,116.68837202020596,16.5683713178029,130.3038989184903,12.42502886429957,1.0,0.0,3
Station_27,3,3,60.63942430977384,136.86362096241285,18.244900014989025,186.09385937145672,19.765297895245258,0.3333333333333333,0.6666666666666666,2
Station_270,1,1,28.440773917754164,64.77951927454258,13.779804175546838,398.3647747436511,27.813135549380647,0.0,0.0,2
Station_271,6,6,42.54838810091747,146.4990435906373,25.32005552670839,201.20290289471134,18.225847499433208,0.16666666666666666,0.16666666666666666,0
Station_272,1,1,5.775919735452496,110.1874077739173,24.985691281650627,96.33217778289772,37.10118843149111,0.0,0.0,2
Station_273,4,4,38.37462037518569,112.03147076633456,18.14543402726094,106.01863524678127,11.564185503034036,0.25,0.5,0
Station_274,1,1,72.2378188219246,209.89713331932555,24.32684779791282,131.28616502411475,3.8602092828471406,0.0,0.0,1
Station_275,3,3,47.376870142846805,97.21825492512453,25.897715608002954,189.15838688440166,5.205502977547524,0.0,1.0,2
Station_276,2,2,32.49644758567897,88.82933721169425,13.874453580987423,194.81832491717384,20.921293436620093,0.0,1.0,2
Station_277,3,3,35.493017334557095,100.95435759145931,11.65017216793766,140.11079143136465,8.545736268677004,0.3333333333333333,0.3333333333333333,1
Station_278,2,2,75.4124484029748,202.2098617795711,30.75784604778868,213.49843875694302,21.03932983160659,0.0,0.0,2
Station_279,6,6,54.595245577787985,120.95995335776756,16.314781043630244,123.87848784542524,6.355528049802409,0.16666666666666666,0.16666666666666666,0
Station_28,1,1,17.218744475121433,57.45126697952025,15.17599522814574,20.49469516445374,20.018750076215888,1.0,1.0,3
Station_280,1,1,67.56014288077881,168.67419899396378,37.67046404159672,145.6653928623303,35.8188602256871,1.0,1.0,3
Station_281,1,1,28.84698737447133,197.6228034062278,10.430875448005471,298.6313760489738,-0.4641229060086598,0.0,0.0,1
Station_282,4,4,53.57186914882294,136.0879409360779,20.906394732826158,104.47410679510911,6.316416765706666,0.75,0.5,0
Station_283,2,2,29.135959029589806,122.90155885335474,15.706723807567073,169.8323958415097,12.761869002635354,0.0,0.0,2
Station_284,2,2,24.633765786595948,176.10691816047452,18.385404771042026,28.95833542942806,18.98721954296404,0.0,0.5,1
Station_285,2,2,68.29641091582003,92.58613063152009,15.683040692728389,150.04190360413082,8.889494994550805,0.5,0.5,3
Station_286,2,2,21.89244186169431,91.0704173558571,16.107948096977054,178.6472420995238,13.347642172643045,0.0,0.5,2
Station_287,2,2,32.923465824923,182.10918540941378,35.79905757008162,150.185102261188,12.300006099997802,0.0,0.0,2
Station_288,2,2,40.22481962634271,188.9125698446867,32.156041636086464,119.6200219590736,27.66409317060831,1.0,0.5,3
Station_289,2,2,36.59956779972598,160.71158265744336,11.390794970153426,232.1110226457514,8.769022366374145,0.5,1.0,1
Station_291,2,2,16.27645692502361,141.56254619447782,31.099776733893087,59.52156714658204,32.12696350655521,0.5,0.0,2
Station_292,4,4,47.810986515723776,199.4504339969687,28.614985215224877,110.36853698159715,14.005107612338705,0.25,1.0,0
Station_294,4,4,59.05585191004902,106.81388045905479,28.844128332499388,82.6387409065903,13.995847106995544,0.5,0.0,0
Station_296,4,4,61.73410774899784,110.39947679269731,22.979714684592274,201.52715481482232,13.400794151835896,0.0,0.25,0
Station_297,3,3,43.07234902396556,53.279066754819645,25.633576939245156,116.38382790894283,31.529521834836647,0.0,0.3333333333333333,2
Station_298,3,3,41.09084758198741,81.78444904126597,22.872403438342158,104.64160798289602,7.447960464988404,0.3333333333333333,0.3333333333333333,2
Station_299,1,1,15.058971703234262,193.01914944384148,15.670141677233,68.52318394687728,28.05657767890564,0.0,0.0,1
Station_3,2,2,48.56243157835368,54.68356088216882,23.581415374347507,131.0830106591444,20.14277639941445,0.0,0.0,2
Station_30,2,2,48.911073404225164,126.10374029543388,17.566287948903717,266.156308958253,2.7076281416084287,0.5,0.0,3
Station_300,2,2,43.4489686272331,180.00365585389034,23.53477616578501,163.9489397252411,-1.4620928508705138,0.0,0.5,1
Station_301,1,1,13.319017315610488,53.47775381043679,9.96972720755874,87.30415654223266,38.77143808328196,0.0,0.0,2
Station_302,2,2,56.292572797706335,160.98456475659788,14.91888173281832,144.6052822822574,-3.77548412332183,0.0,0.0,1
Station_304,5,5,53.36764034825627,122.07054849073347,17.390137463079157,194.70560594904424,-2.427725582057,0.2,0.4,0
Station_305,1,1,38.2137648106408,113.31769441791634,22.234546494499146,239.29101175136364,3.05617342337616,1.0,0.0,3
Station_306,3,3,47.2780568614688,144.85992927456127,26.59194608453262,143.67752526404198,3.9504251451624897,0.0,0.3333333333333333,2
Station_307,5,5,27.931191327372098,133.55933502958737,22.61638072154185,223.8627883731413,14.402351542242537,0.0,0.8,0
Station_308,5,5,60.19076890565177,141.58668724265007,32.204648381418004,105.71684718159146,20.509840532028935,0.4,0.4,0
Station_309,5,5,46.09426926849695,121.56382246180348,24.528451026886792,123.00463330916963,15.964052941271206,0.0,0.4,0
Station_310,4,4,19.4191985713317,122.12235289267426,12.908160830873662,150.3960834636149,6.588954270859878,0.5,0.25,0
Station_311,2,2,58.68145793356847,217.36323056305338,21.569932812806954,131.38849494019428,34.11593595062791,0.5,0.5,3
Station_312,3,3,41.21559928486392,134.94322464143144,26.578248631378628,162.82618410270229,9.595249912021664,1.0,0.3333333333333333,3
Station_313,4,4,38.45316761933182,121.37340395805836,18.159137242888047,62.22792187379323,21.67997759576226,0.25,0.5,0
Station_314,2,2,29.47884944575256,191.6238506635232,14.463846527659449,190.11834452039074,12.609240767266758,0.5,0.5,1
Station_315,2,2,23.559170274168657,109.09352121238875,13.81982341491656,200.40228292227914,27.668109075027544,0.5,0.5,2
Station_317,1,1,76.45046498743068,232.4069988347105,30.192234438786446,191.93791499432749,10.424645029884408,0.0,1.0,1
Station_318,3,3,34.49578161163742,167.2792526053649,26.585404336346745,184.94170471269584,10.325935327031859,0.3333333333333333,0.3333333333333333,2
Station_319,1,1,31.877190174337137,83.03645495580706,38.28944612935822,249.7635288631293,38.18867276301532,1.0,0.0,3
Station_32,4,4,40.81632532122548,134.00386121791527,23.0482272301628,91.53268153504588,19.911700984243602,0.25,0.25,0
Station_320,1,1,7.515940355911836,205.01217596196685,34.76080833534694,126.5918374849966,9.79124268086425,0.0,0.0,2
Station_321,1,1,26.050244075726223,122.0679615874014,36.21603706120729,211.4946307171064,19.394695410871684,0.0,1.0,2
Station_322,3,3,57.14405991362454,124.17541848596596,27.9061759649223,204.75993255582526,18.63624292327086,0.3333333333333333,0.0,2
Station_323,2,2,63.153622484520284,176.02936467771244,25.68835632618623,240.1198259251031,28.16476902065711,0.5,0.0,3
Station_324,6,6,57.83110449882496,169.17040430349903,17.309594191550172,171.91176944749978,22.341884306537608,0.16666666666666666,0.3333333333333333,0
Station_325,5,5,41.25796188973068,152.3024110685244,29.588219488866077,108.08367616010244,23.80590897072748,0.6,0.0,0
Station_326,2,2,39.93465931245196,159.77481134838195,25.63214896292951,156.11092648287078,0.5696223264174716,1.0,0.5,3
Station_327,4,4,46.77135192681564,161.777726258921,22.207866419159217,205.61370395858532,23.99582648111584,0.25,0.5,0
Station_328,2,2,24.082835309379952,135.00821407573557,22.38772123768845,156.94270095070692,13.932195311672615,0.5,0.0,2
Station_329,3,3,46.635755706313034,63.501894008961166,21.643770077755462,147.7976740877031,7.312523946668809,0.0,0.6666666666666666,2
Station_33,1,1,68.24465321163233,202.5342305646919,33.36036096937211,276.3925880192631,14.826203728258427,0.0,0.0,2
Station_330,3,3,61.32940484663285,144.40658755103576,15.807569062175949,133.19282916526353,35.47822446093472,0.3333333333333333,0.3333333333333333,2
Station_331,1,1,21.069157575738828,223.44328372616448,37.40768483305845,222.2882898379178,5.922050897982931,0.0,1.0,2
Station_332,1,1,46.40242818798875,58.74456199382395,6.692686295834163,18.639471828786697,-1.8986919291078903,0.0,0.0,1
Station_333,3,3,51.97481772191292,83.10255769195223,27.573340108686903,85.50048816581936,4.88152267546309,0.6666666666666666,0.3333333333333333,3
Station_334,4,4,46.05529710056544,125.7675980523667,29.50846527874868,162.4830583824888,15.164320612369487,0.25,0.25,0
Station_335,3,3,54.95841101481441,107.8899581940586,20.307898815912715,194.15029311962465,3.51012034961415,1.0,0.3333333333333333,3
Station_336,6,6,35.0479511279737,139.25580625324423,23.022222856542328,243.9429769101128,23.189267873079643,0.5,0.3333333333333333,0
Station_337,4,4,40.97982438377231,83.54582087270168,21.7322339846602,169.51811146590552,0.6834667232534506,0.5,0.25,0
Station_338,3,3,52.76236168253038,186.18098923624504,11.30301666036416,89.43523246866498,8.89724962757606,0.3333333333333333,0.0,1
Station_339,2,2,37.91332268548717,53.46491850514354,25.865710371793497,176.6522722521052,5.755754227058785,0.0,0.0,2
Station_34,4,4,36.97772594882092,196.1203880876233,17.885502988888074,150.78424008074234,20.954227949582027,0.25,0.5,0
Station_340,1,1,10.338517723856468,92.86282306178224,9.855826892937216,162.6865443608225,5.504758728380647,0.0,0.0,1
Station_341,3,3,59.57144949140015,147.43749464933884,22.782972857477603,183.96954058794287,19.046411762001426,0.6666666666666666,0.3333333333333333,3
Station_342,4,4,48.68929294827462,159.7138294705973,23.770472710349406,107.51944981615986,8.621128983302478,0.0,0.75,0
Station_343,5,5,50.127079984712125,155.97716293443375,29.020680966332925,141.85826635772074,7.710040193353957,0.6,0.4,0
Station_344,3,3,41.08044044830344,112.86969868100039,21.558205517847085,209.98006812372284,32.74073441225621,0.6666666666666666,0.3333333333333333,3
Station_346,1,1,67.9228322505551,222.2743169581226,32.176284256677015,157.0245513686409,14.333455387594256,1.0,0.0,3
Station_347,1,1,40.76283311435537,56.30619476781768,24.91450467875612,196.5140061601193,35.54952433115825,0.0,0.0,2
Station_348,2,2,29.429667389221372,155.8279103906027,16.821789040440596,210.60054305414744,12.581082235654023,0.0,1.0,1
Station_349,1,1,75.62261390550266,224.3312100083219,17.797966111414965,75.65321700332278,6.211204218618967,0.0,1.0,1
Station_35,3,3,65.20809565959671,148.79718730654415,16.182735396837543,194.4301721745327,21.41261884978758,0.3333333333333333,0.0,3
Station_350,1,1,37.10851773104313,176.30364703817128,20.3548115522384,32.17691631628233,15.648673640514597,0.0,0.0,1
Station_351,3,3,61.98776878378118,122.44520293696553,27.709766689776995,98.66663331236727,7.314227894485794,0.3333333333333333,0.6666666666666666,2
Station_352,3,3,61.530979881472014,149.2153122599381,20.30557312475104,165.58566489268148,14.020879403922995,0.3333333333333333,0.3333333333333333,2
Station_353,3,3,31.065721157737283,106.93477613995874,24.569040660234947,129.54734725524676,7.493000937309006,0.0,0.3333333333333333,2
Station_354,4,4,43.73346428375483,192.17491744977934,43.8238103428731,99.79790584731039,26.34798960524,0.75,0.25,0
Station_355,3,3,47.993276822686504,196.06790452295823,17.540761359598207,181.08344356540024,5.674359166528814,0.0,0.3333333333333333,1
Station_356,3,3,55.29792999916214,159.8103006966761,20.941461348092478,193.38554860431893,16.74291113873956,0.6666666666666666,0.3333333333333333,3
Station_357,4,4,46.862771007184016,180.18510266525698,19.21366478208501,161.9895203532057,6.617427290337779,0.25,1.0,0
Station_358,2,2,43.2283828506193,153.17082338639034,25.35572451398572,61.11258107387778,19.002052911184844,1.0,0.5,3
Station_359,1,1,29.697898464844947,235.1781382594528,21.480065597115363,180.4529064607688,8.199106994886627,0.0,0.0,1
Station_36,2,2,18.882818477021907,154.72023517007008,8.660621738899614,183.0479561119882,1.7020769309096857,0.0,0.5,1
Station_361,1,1,43.487751224792326,219.15242012603653,27.44831088430594,80.91266512306521,29.872209873061493,0.0,1.0,1
Station_362,3,3,31.911207294218965,128.5737540788206,27.15668081487847,150.33948918123968,33.932600452814825,0.0,0.3333333333333333,2
Station_363,1,1,37.50977747998428,211.08367956554375,23.230268834617416,203.72896600535708,30.128829937288288,1.0,0.0,3
Station_364,1,1,64.40334432867209,87.78654564954248,14.246600039268449,139.54941601046136,5.967630772540458,0.0,1.0,1
Station_365,4,4,33.04049432737384,114.4638050215782,22.87739223851122,203.27587026683486,8.50576123516779,0.75,0.5,0
Station_366,3,3,46.51269543523721,174.98077777250876,26.195234257160493,99.77577189845198,6.548405533726084,0.3333333333333333,0.3333333333333333,2
Station_367,3,3,39.72226374054719,149.09613784243572,18.555060485655392,99.99826124010679,26.649671881219337,0.0,0.3333333333333333,2
Station_368,4,4,58.05825829862887,160.27295125166583,19.762243223416185,120.31101591412971,8.8893194603852,0.0,0.5,0
Station_369,1,1,55.78259572680235,76.7825694563256,8.048298781340923,50.905417887353146,15.806771803246086,0.0,0.0,1
Station_37,1,1,57.67538255763964,172.7742723168485,33.674170165271015,124.07864607817878,3.261647704000889,0.0,0.0,2
Station_370,1,1,8.11244782892836,99.14750621941836,32.128759997708954,286.3428182030144,-8.483436369308658,1.0,0.0,3
Station_371,2,2,47.80493735204463,193.36049251415918,12.034813353490676,157.31369780508982,5.130927139200239,0.5,0.5,1
Station_372,1,1,0.0457718422773702,122.58503049990182,29.969667131523508,272.91776838023407,-0.1350580050764129,0.0,1.0,2
Station_373,4,4,45.17670094445385,147.00586544624673,21.06144423340544,193.89761024850964,16.909695927496752,0.25,0.25,0
Station_374,1,1,18.895101661444063,196.02730164427567,37.25500156117982,226.5192581737514,20.35876101645039,1.0,1.0,3
Station_375,1,1,10.155212817693824,91.20626770815836,6.571259003104723,156.08425441646537,7.541240675992974,0.0,1.0,1
Station_376,3,3,49.98462016194526,111.25768843824834,20.145643665299286,181.399015209421,5.060851672353947,0.3333333333333333,0.0,2
Station_377,3,3,47.59054050881391,164.78684387540474,16.99639342864225,183.63394335594353,6.8484161501314516,0.0,0.6666666666666666,1
Station_378,5,5,83.67097703850868,105.61915812898296,19.453056138595436,101.1966142673445,28.16556896992347,0.4,0.4,0
Station_379,1,1,61.23146590227786,139.87862085176167,38.66270263339264,13.794461132920947,38.96386339724878,0.0,0.0,2
Station_38,1,1,55.374954290710285,188.1725386795041,8.623498537055745,270.0365182637633,-2.6422433911902434,1.0,0.0,3
Station_380,3,3,28.703742614661746,141.45519559255337,28.85699743043017,188.32940238645145,24.73949454104824,0.3333333333333333,0.0,2
Station_381,3,3,40.131446498215006,73.71185027691797,27.637005711004296,188.0650604198372,16.55006287005875,0.0,0.0,2
Station_382,5,5,35.064424729727214,126.16789553510759,26.612016615569367,151.81255258719142,25.13248124270345,0.6,0.2,0
Station_383,1,1,36.2444170838149,41.839420171016016,9.742134927960404,125.23368798781787,-7.501413577858543,0.0,0.0,1
Station_384,1,1,20.09377734133772,69.13757165139597,22.70277601585436,68.59337619081128,28.69743344654665,0.0,1.0,2
Station_385,1,1,63.43204575363278,164.8126761863139,19.849165227000125,0.0,-0.6996883533243974,1.0,1.0,3
Station_386,2,2,41.216429716661956,123.830108921496,5.210669600139822,150.53564577032523,2.536011830022283,0.5,0.0,1
Station_387,2,2,36.11942430179787,227.53088736585,12.664295137852527,222.6132860904211,14.498206232259092,0.0,0.0,1
Station_388,2,2,47.84523492586112,122.6371906629065,24.295076954716183,148.45479574453876,15.989965532994441,0.0,1.0,2
Station_389,1,1,66.24653780691024,75.25198060802678,13.368981577593573,152.26221869616475,8.954126066691433,0.0,0.0,1
Station_39,3,3,34.96440810684388,155.32173825759892,16.74823103676695,137.15397565487487,24.921915757883596,0.3333333333333333,0.3333333333333333,2
Station_390,2,2,31.25342579602645,143.74611723958222,31.241052697137064,101.81677830693195,50.09373536260665,0.0,1.0,2
Station_391,5,5,39.54911825571533,106.95341264573172,21.289936994227634,150.23415895288008,20.443256399572444,0.2,0.8,0
Station_392,3,3,34.949656742221464,78.11095340142622,30.187493849932878,183.40870250878916,36.98135161566943,0.6666666666666666,0.6666666666666666,2
Station_393,3,3,45.918744602993975,192.7874798303543,24.0874804998242,205.82458744981028,8.84253669363938,0.3333333333333333,0.6666666666666666,2
Station_394,2,2,60.46299819608006,108.2099762181758,24.58741973484988,124.6766895405506,27.030106801612856,0.5,0.5,3
Station_396,3,3,23.482424355415315,138.74989127000737,18.49958421319971,76.2074278498702,7.865795712779431,0.3333333333333333,0.6666666666666666,1
Station_397,2,2,9.502173549708791,97.76287673845167,21.60777122875283,185.0899729416957,26.021555591592175,0.0,0.5,2
Station_398,2,2,30.02248813822127,151.90705895897406,32.352702831369186,204.00330384834544,0.9396534418651519,0.5,1.0,2
Station_399,2,2,41.97832692557746,152.13447580320894,31.281843710029136,116.67186892829085,10.272930053771699,1.0,0.0,3
Station_4,4,4,53.7953322276933,114.88911600877455,20.16942426048909,133.31307598535201,-2.087408085696226,0.75,0.75,0
Station_40,2,2,46.53019673195067,124.9609468616764,12.519099428595757,112.59395616626932,20.954409037883728,0.0,0.5,1
Station_400,2,2,62.24193279555709,53.575680802341495,35.86787195272279,32.93256470313306,6.735685411397939,0.0,0.5,2
Station_401,2,2,12.991136419151712,194.1916712795078,18.722475414385027,126.80042528352202,28.329332066495247,0.0,0.0,2
Station_402,6,6,50.21037018465279,129.80197432210767,16.459109137420334,127.48851769505956,13.829672631921946,0.5,0.16666666666666666,0
Station_403,2,2,72.49541545709808,153.43289916103197,30.215355377096778,161.7366296400799,15.952663790909536,0.5,0.5,3
Station_404,3,3,47.45610038022932,168.14309459199094,15.15585689924683,93.82911556182324,23.05657365355263,0.0,0.3333333333333333,1
Station_405,5,5,35.59529268579305,147.75966715510373,26.161786524157105,133.087169301061,20.553426888587616,0.8,0.0,0
Station_407,1,1,37.189293647002586,73.73048010439223,17.774248916406137,269.1480889624259,19.856611575428744,0.0,0.0,2
Station_408,3,3,44.455778792755176,127.25112687318585,25.770755506848598,206.2594442981394,14.66464445342261,0.3333333333333333,0.0,2
Station_409,3,3,30.4955140039488,127.23562192967059,25.626394432714594,142.04691827779325,17.865690999411058,0.3333333333333333,0.0,2
Station_41,2,2,26.45168377230226,158.364368084661,21.01272228995004,176.72885215649694,23.9810361521319,0.5,1.0,2
Station_410,4,4,49.051720680678415,78.39952722244945,28.062736636070888,159.02469905389648,20.18906887662963,0.25,0.25,0
Station_412,4,4,33.12834770582984,145.10540484502062,25.675326551149354,198.29960043884898,17.435359938492176,0.25,0.25,0
Station_413,3,3,47.19679043208925,89.3122416503303,16.46311032084149,165.5922734892823,16.28324903465738,0.3333333333333333,0.0,2
Station_414,3,3,59.42904525763898,149.64534890296105,35.60077770941336,80.83984043323497,24.196204843149076,0.0,0.3333333333333333,2
Station_415,2,2,46.22562413889691,128.24003406962592,36.879020986253195,141.9176867085153,9.435069361409145,1.0,0.5,3
Station_416,3,3,22.007635518994746,145.06771157819188,18.967362778950456,129.14144034424604,15.030245345877026,0.3333333333333333,0.3333333333333333,2
Station_417,3,3,25.19381540785056,136.415927551746,27.493724476814265,189.58141849141703,23.762908015809444,0.3333333333333333,0.0,2
Station_418,1,1,8.789017000425101,174.74762031693902,15.66221410500024,98.6602453811966,-9.124475929254602,0.0,0.0,1
Station_419,3,3,30.902212250658195,235.77296044641562,21.573345298674976,48.1216095880576,0.1548290198525996,0.0,0.3333333333333333,1
Station_42,6,6,50.39055349886113,173.57546819027823,31.822085580338406,155.32076968515466,23.89937111556216,0.3333333333333333,0.0,0
Station_420,4,4,55.327884037450985,76.06365443434639,23.025121400308727,131.89494653528357,6.828125964554305,0.25,0.0,0
Station_421,1,1,48.50288659256919,195.41739536677903,13.984073654590322,94.94198697812332,23.88774269762121,0.0,0.0,1
Station_422,3,3,39.91907101771374,156.32005645355005,20.19618053985793,109.51149064738995,18.83044463698587,0.6666666666666666,0.6666666666666666,3
Station_423,2,2,30.422628577358456,92.795017339295,21.710854273931957,156.65390278140276,29.321266137733762,0.0,0.5,2
Station_424,5,5,45.91327904131749,132.48635115010316,20.60838088473577,95.37640550071498,22.301477808615317,0.4,0.6,0
Station_425,1,1,15.567795776598764,73.32128116519632,18.54969564281367,31.59653167187535,35.69778871943199,0.0,1.0,2
Station_426,4,4,39.819297179128085,57.318409414764226,31.198329493811755,225.76870166693757,14.95043879572053,0.75,0.25,0
Station_427,1,1,11.579770802296697,216.96598374733676,5.777750426613394,157.6119289766852,36.03822598164686,0.0,0.0,1
Station_428,2,2,13.079623224318192,156.73289003804308,20.982747776382176,115.72872333347368,26.449971060348403,0.0,0.5,2
Station_429,3,3,35.99813390493558,126.18190344407509,21.15818037367961,179.09305233696543,8.92895225863765,0.3333333333333333,0.3333333333333333,2
Station_43,2,2,32.45055063562394,152.72877648034608,22.449616542548362,178.99249048847003,15.202858514340344,0.5,0.0,3
Station_430,1,1,41.90586399017345,113.66928543528736,26.728088262060343,44.50589475990744,11.76834664939285,1.0,0.0,3
Station_431,3,3,68.45185476418456,165.6629602074661,22.94136663069681,95.15583393061588,31.333749542822876,0.6666666666666666,0.0,3
Station_433,6,6,29.77018146441436,141.12029102913803,29.354047228177354,204.1643006939844,5.354077794505668,0.3333333333333333,0.3333333333333333,0
Station_434,2,2,47.4107698425409,110.63193660761817,19.036974053269226,270.21545826442804,17.383178119654314,0.5,0.0,3
Station_435,1,1,65.5974266945568,61.61357078555257,2.3480751234581474,0.0,-9.26753257022055,0.0,1.0,1
Station_436,4,4,35.54818935483362,149.8507701695088,17.934140733495553,176.19956732163362,10.870518746840782,1.0,0.0,0
Station_437,1,1,48.75767260331637,151.01319196860436,11.650644172041137,182.12407671444493,30.57894722254161,1.0,0.0,3
Station_438,3,3,29.90799045374953,159.41997526187765,34.94503860461244,161.49564332390207,24.384123406175934,0.6666666666666666,0.3333333333333333,2
Station_439,3,3,32.41109312656164,164.50015983568835,21.583730627762666,140.19564974082206,18.524471874773166,0.3333333333333333,0.3333333333333333,2
Station_44,6,6,52.42797550147034,151.2060003277006,17.50092407730381,165.7444406764496,8.115138625780213,0.5,0.16666666666666666,0
Station_440,1,1,70.38996843882086,98.24829800535356,32.261405415372,188.31022611001245,-7.643437415464851,0.0,0.0,2
Station_441,1,1,71.12558827151543,49.40843109516752,11.348579546094816,50.619867125485854,-1.7144756464186806,0.0,0.0,1
Station_442,5,5,27.719588573375184,143.17133827777533,23.744095699219066,119.97991951550179,1.4950692457586519,0.6,0.2,0
Station_443,4,4,37.79359279811278,168.00968610329886,23.8277783268654,98.88947054311775,24.23491929680344,0.5,0.5,0
Station_444,4,4,28.086139478483314,101.26392491570452,21.70459536903928,173.3604041974271,29.41045146175731,0.25,0.0,0
Station_445,2,2,61.84665761429898,100.93355327026099,29.084672132376994,181.43500980414075,12.566232488205493,0.5,0.5,3
Station_446,5,5,22.35704526536921,139.88106624084244,24.030393997129686,160.04106104386196,23.891149333290493,0.4,0.4,0
Station_447,2,2,69.49085226396927,140.10578460216948,21.00370694869041,46.81290396293951,32.03752150290585,0.0,0.5,1
Station_448,2,2,54.60670744337216,251.84753226157733,22.659348523236634,138.2181834819567,15.94692756342758,1.0,0.5,3
Station_45,4,4,53.39266256986029,147.42970518532394,19.495355611148046,175.7398582533972,20.446872647998116,0.25,0.5,0
Station_450,2,2,52.79169939791374,125.09612162434011,20.820189461433916,101.45119221121735,34.303148081196085,1.0,0.0,3
Station_451,4,4,47.06997828626003,140.88301122746103,23.49065688881031,166.6697161371768,21.170529767228526,0.0,0.5,0
Station_452,2,2,70.217978351242,172.11450296945947,14.866714680520914,166.76152765030082,12.65121873261265,0.5,0.5,3
Station_453,1,1,55.17152825512059,137.1476337118309,10.730059345530702,186.4198892325448,34.58604378699818,0.0,1.0,1
Station_454,1,1,54.88401335852117,113.20623034117396,6.555981504933964,127.07132090658584,30.593877927821687,0.0,1.0,1
Station_455,2,2,55.55071991145623,70.2601390188437,29.11195451966578,82.43885571959552,36.274343698587586,0.5,0.5,2
Station_457,3,3,31.59055088021565,137.54869920275698,17.91301970553267,178.05982486479607,6.112875099350028,0.3333333333333333,0.6666666666666666,2
Station_458,2,2,56.92247179496798,125.19954856547184,22.33934647872669,209.39824586779187,8.670881988627213,0.5,0.0,3
Station_459,3,3,51.2204305865309,137.75003151679587,23.299504152006847,156.1576020907727,24.309368359847866,0.3333333333333333,0.0,2
Station_46,2,2,39.8054588838649,179.95816798524268,20.139261614382136,205.63639316116692,17.157742141800114,0.0,0.0,2
Station_460,4,4,52.152070165302526,108.54439618289416,5.833018818189762,158.00986912376584,12.369783618706595,0.5,0.5,0
Station_461,7,7,29.987829898430753,119.71936067286242,20.672031632320305,176.8687767264743,10.260769897787208,0.0,0.7142857142857143,0
Station_462,1,1,19.97640696261344,137.2405745116791,22.64215189393975,299.46404753595044,14.434227239434549,1.0,0.0,3
Station_463,3,3,37.306152068577575,166.7597893664822,29.6422357696397,62.49134674900344,14.795722422127044,0.3333333333333333,0.3333333333333333,2
Station_464,1,1,24.797064059890324,229.24730963731852,14.313363234334188,51.63972833826092,23.35039451272079,0.0,1.0,1
Station_466,1,1,14.49216023800693,233.35555411703567,16.384667323459585,97.05879325252906,25.002273728975453,0.0,0.0,1
Station_468,3,3,43.48730428366331,128.6202147466472,23.585384852477535,212.6556429132569,16.905130374132366,0.3333333333333333,0.0,2
Station_469,4,4,45.30701538468481,183.3329867358189,20.713464197020976,163.47468103185523,12.020628707739982,0.5,0.0,0
Station_47,2,2,14.949060393341846,106.00884313212387,30.619446716510524,276.5833087891824,15.926706131715715,0.5,0.0,2
Station_470,1,1,15.474096088332848,47.26791857103771,15.063206952124467,0.0,12.602687128795887,0.0,1.0,1
Station_471,2,2,52.1536938326924,234.91377040618397,37.84162812250993,210.69790454938925,19.841362823706078,0.0,0.0,2
Station_472,3,3,24.261954438887955,97.85446036629342,20.864743527968894,163.80600576879928,11.044365946706842,0.0,1.0,2
Station_474,4,4,45.76574094671632,96.27620270755888,32.32693489002284,172.06956792925538,23.10162324760897,0.5,0.25,0
Station_475,1,1,38.00957724097448,169.8141787442352,7.7791034285937855,233.1699557622304,-4.148661344077772,1.0,1.0,3
Station_476,1,1,73.61433544405698,219.9191350688085,14.124802364781267,162.06302022181248,33.860787696770295,1.0,1.0,3
Station_477,3,3,58.90449578413514,141.7812263698475,15.334583570514722,152.26671251702194,7.734605931119948,0.6666666666666666,0.3333333333333333,3
Station_478,4,4,26.71506280685359,109.99602152510865,23.799752273118887,90.72394249651599,6.66601841590905,0.25,0.75,0
Station_479,5,5,60.48628940805785,177.66318622439735,20.518307978424815,145.99497224546639,9.48189289479905,0.2,0.2,0
Station_48,2,2,39.007848541310295,197.5147883824346,37.81559580926969,254.06515818709522,18.058803558267243,0.0,0.5,2
Station_480,4,4,56.00176703934384,75.23594358540733,16.341025237472607,119.06838630187387,11.522156885323467,0.25,0.5,0
Station_481,2,2,56.30833070656306,122.24549744221011,22.975600990778315,197.36637203171105,1.4368333079791382,0.0,1.0,2
Station_482,1,1,77.45749045486116,180.63104310881985,38.25663659490896,273.6978210236848,-3.042041816395144,1.0,0.0,3
Station_483,1,1,10.390644028146834,89.04213296392527,39.79579713027369,243.31469364958875,39.39447334918633,1.0,1.0,3
Station_484,2,2,40.82098990667792,143.6481022202844,22.414644468627188,117.41447682312577,13.071844958876074,0.5,0.5,3
Station_485,5,5,35.84021746341408,172.47392705608925,24.987644663057797,211.2550823593226,0.5694948573520913,0.4,0.6,0
Station_486,5,5,57.695418684571926,134.5334139226409,25.759958573503603,178.36911013260686,20.323383143581342,0.2,0.0,0
Station_487,3,3,49.7686750877916,130.55168521888504,26.489988686402445,114.67255505056504,1.26933807450668,0.3333333333333333,0.6666666666666666,2
Station_488,2,2,20.437078113531214,85.9989294123037,36.270611995382325,120.22328291158615,18.571809000901837,0.5,0.5,2
Station_489,1,1,6.448880265075534,134.78601109068993,5.3882372733572375,0.0,12.193184724352538,1.0,0.0,1
Station_49,6,6,40.18135996628565,139.22136745859675,19.70753947173957,137.69334722351286,15.013621415644778,0.3333333333333333,0.16666666666666666,0
Station_492,1,1,22.572882450288343,177.60884939291702,22.224804227965933,49.07601045956073,24.4117939298946,0.0,1.0,1
Station_493,3,3,31.57187378162939,128.41538330113482,22.7550246698944,191.39742357247292,29.330371329047228,0.0,0.3333333333333333,2
Station_494,2,2,37.106199178133615,208.5074619088369,24.955008932105507,145.41136403860764,28.337434785662765,0.0,0.5,2
Station_496,3,3,24.855546479275578,157.50636292002469,27.895034782664805,125.25857779948792,16.461648452239725,0.0,0.6666666666666666,2
Station_497,2,2,16.801974336985253,113.05547178290416,15.744869507977995,202.6125292013835,9.297781628277255,1.0,1.0,3
Station_498,4,4,41.54295637721498,124.73281076675825,22.383863026031676,174.19872602423555,3.8321306919690983,0.25,0.0,0
Station_499,1,1,35.017606522824096,170.92893664414296,26.8282276724864,49.66563770855315,10.204876258349907,0.0,0.0,1
Station_5,3,3,32.42072188673416,158.88774008910318,30.27300527865134,148.84355759266845,26.906690768570503,0.6666666666666666,0.6666666666666666,3
Station_51,5,5,50.371152840303274,143.51913448097497,17.589209813763567,174.4622715880037,11.574066373964,0.6,0.2,0
Station_52,1,1,43.95822631658241,106.07175493130838,10.432237271274918,49.91211987419893,3.915833020589746,1.0,0.0,3
Station_53,1,1,45.71947918248383,172.32970381616096,31.22627600541321,156.87665110401693,34.297789398053226,0.0,1.0,2
Station_55,4,4,43.414352615960574,83.56839584037172,24.041711654818105,85.95369680047637,0.9340127010441059,0.5,0.25,0
Station_56,3,3,48.38589322292656,98.91942935686048,37.59180937233499,37.243324792851475,15.879817680955147,0.0,0.3333333333333333,2
Station_57,6,6,43.79694760720718,114.66547874692043,29.10756317040783,151.14611113303417,1.8176948940401199,0.3333333333333333,0.6666666666666666,0
Station_58,3,3,26.841776910065434,124.58130477011593,26.04573015144602,191.74252194262434,8.152972169509043,0.0,0.6666666666666666,2
Station_59,1,1,6.661747206218264,246.60375746256096,30.89770568563907,0.0,20.515455923408773,0.0,1.0,1
Station_6,1,1,71.61568949106118,210.90072038153767,21.263560509313127,16.681445822961763,-1.7198500093383,0.0,0.0,1
Station_61,2,2,40.779042400773434,127.06520856408923,21.210999526774938,79.354979042724,0.573766610913419,0.0,0.5,1
Station_62,4,4,39.99319950032492,150.9117994216217,23.79506653357711,137.7805582879023,20.723669858732674,0.25,0.25,0
Station_63,4,4,49.874826599187664,121.2534817351229,16.18305438321822,109.67555769534891,16.726196453654133,0.25,0.25,0
Station_64,1,1,56.61749580017371,75.32572130735227,37.14195812217847,107.00758847163593,28.93987779235648,1.0,0.0,3
Station_65,1,1,69.71594630744188,226.98590674653812,37.11929536882584,205.7699162392264,-4.47805197297919,1.0,0.0,3
Station_66,2,2,45.91670004544752,102.548498330278,34.334970669234465,241.52090850323663,18.243381898543518,0.0,0.0,2
Station_67,2,2,36.135044387049945,51.43355869454886,37.244305581213254,152.7805677246598,21.719374729322283,0.5,0.0,2
Station_68,4,4,52.19706797464958,88.87106827563622,19.525780178520424,143.66952332303143,8.91466687504194,0.25,0.5,0
Station_69,6,6,37.31281218891076,85.8744303684367,27.679206518296898,125.53694719694433,14.491986149879438,0.5,0.16666666666666666,0
Station_7,2,2,58.70834437822698,145.2850939433054,29.943115025142234,78.31776225535161,38.86698516954249,0.0,0.0,2
Station_70,1,1,73.61974524719619,210.7446586205378,24.753246131106707,253.8460155808637,36.1588452222002,0.0,0.0,2
Station_71,6,6,51.122087666544736,159.12268532938313,18.72502721476573,195.58675837387636,10.521562604994275,0.3333333333333333,0.6666666666666666,0
Station_72,2,2,58.69968565895782,105.34404030197985,6.969138354902172,127.32851416397696,15.704295342949155,0.0,0.0,1
Station_73,1,1,13.105812024979125,34.14374009036511,28.93465228460907,201.5628074107787,1.85665782275348,1.0,0.0,3
Station_74,6,6,31.307829808090307,107.68070001970246,19.511625758242626,120.20699657681723,20.619085010598177,0.5,0.3333333333333333,0
Station_75,1,1,28.248510232660248,154.413068935906,16.52212514810843,149.00427080858486,16.694086243987016,0.0,0.0,1
Station_76,5,5,44.769126084305086,117.27459349311857,19.815649283038148,200.2347791433238,12.706295610081689,0.4,0.4,0
Station_77,2,2,26.376076612522116,118.28448236639377,29.470902146061285,203.5713863534436,24.516128197200207,1.0,0.5,3
Station_78,6,6,35.631347291197294,107.97118076983698,25.901040782728632,177.6933491612545,15.813926742618696,0.3333333333333333,0.16666666666666666,0
Station_79,3,3,46.63278127363719,172.55308342653666,16.285644802474277,44.06277432598073,25.17863976893705,0.0,0.3333333333333333,1
Station_8,2,2,27.96716170513077,102.51375375660956,22.89125661615144,97.61226911469063,19.325441650634655,0.5,1.0,2
Station_80,2,2,46.3361171857395,125.89972631889697,32.944137393613076,95.80916358830729,24.160960130054377,0.5,0.5,2
Station_81,2,2,49.84415469994915,181.44561421638093,33.89652297077335,145.2004935996097,13.204285840532442,0.0,0.0,2
Station_82,5,5,33.389690987395,118.42943613492416,17.94831387423199,171.02841748638252,9.283752849403436,0.0,0.6,0
Station_83,1,1,57.97765788877307,171.5448187863429,14.338233635908136,114.88329577828593,7.636850332176735,1.0,0.0,3
Station_84,5,5,41.42123942976379,137.6331071383491,23.471076829259484,190.13856096403637,18.44053538374191,0.4,0.4,0
Station_85,2,2,36.31622998918899,120.54186942692857,35.41160325212155,64.3084480696538,-0.512169100022307,0.5,0.0,2
Station_86,1,1,27.61163115157696,130.48308057799585,5.519114485910332,95.48346782769497,34.20946138998912,0.0,0.0,1
Station_87,3,3,26.520812509073565,137.57381194591804,30.500683131831845,51.5278340602509,18.550077702569254,0.0,0.6666666666666666,2
Station_88,4,4,44.64736195854388,119.76424160749906,28.477300738171373,166.56953599254686,24.513547707464966,0.25,0.5,0
Station_89,2,2,31.421388181353855,69.90710445463696,21.42352076383847,189.35533529736406,11.25520292670806,0.0,0.0,2
Station_9,3,3,57.184964518777,161.43767798509285,20.85943610842947,158.78019907743533,18.804534336862776,0.0,0.6666666666666666,2
Station_90,5,5,33.05130761754832,129.98571679567675,28.22873505683065,168.22515268876353,10.523343645960484,0.2,0.4,0
Station_92,3,3,43.44488246518835,190.9314300359481,26.469233443686633,214.4085465161189,14.332052043098173,0.0,0.0,2
Station_93,3,3,67.3186809550006,170.69293122977274,23.51691348709423,113.39878770922799,8.981494445884595,0.3333333333333333,0.6666666666666666,1
Station_94,1,1,47.82436784944839,122.81246287882156,35.98941824714308,90.11434022451289,7.166868100746985,0.0,0.0,2
Station_95,1,1,58.50930203255331,96.534770638267,30.093659552004752,111.4645266619131,21.77882686872875,0.0,0.0,2
Station_96,2,2,30.656861135380986,214.80521376509486,17.26970251915425,133.72917230538624,28.726237590888203,0.5,0.5,1
Station_97,5,5,35.69556512599098,129.04222382769265,23.09678956730844,112.34741757862578,28.65480354572149,0.4,0.2,0
Station_98,3,3,60.73563415480309,125.6841355594031,21.564955910207658,134.81983287169405,18.751366809755805,1.0,0.0,3
Station_99,2,2,29.30472989268168,88.92838740384445,34.620327371924816,250.51814088059263,7.633387855635471,0.5,0.0,2
