charging_station_id,session_date,total_sessions,total_energy_kwh,avg_duration_minutes
Station_1,2024-01-04,1,33.07294950547435,88.17957521951871
Station_1,2024-02-03,1,74.82644569097782,83.91493267289046
Station_1,2024-02-18,1,45.36457787633022,33.84661351530226
Station_10,2024-01-01,1,23.824040473705303,50.89309606909825
Station_10,2024-01-18,1,27.04710323077237,66.57826339711488
Station_10,2024-01-20,1,72.54995630814713,21.595034455656343
Station_10,2024-02-01,1,47.19807479360746,171.68297673148908
Station_10,2024-02-08,1,16.376371083048106,51.83906976580048
Station_10,2024-02-16,1,67.45812734205117,52.39756462223503
Station_100,2024-01-15,1,71.91146876524706,173.19331813432103
Station_100,2024-02-13,1,10.039817806428031,78.17651815926733
Station_101,2024-01-07,1,40.24838259933458,218.12939397179144
Station_101,2024-01-08,1,65.83154346501938,222.33703329470765
Station_101,2024-01-31,1,6.0651617128073525,215.86593113401915
Station_103,2024-01-04,1,7.930901450146639,140.5437471317074
Station_103,2024-01-31,1,26.493008140946493,127.0322487365154
Station_103,2024-02-16,1,25.08836904191854,206.8428106471478
Station_104,2024-01-26,1,42.91893733882982,189.9237250959829
Station_104,2024-01-29,1,64.450811584597,239.93062505583708
Station_105,2024-01-04,1,79.81869447094793,156.38877774973886
Station_105,2024-01-31,1,16.827771594461893,164.32901664977362
Station_105,2024-02-02,1,13.587964735173609,211.02391419224
Station_106,2024-01-17,1,48.27254828512783,218.97469931994192
Station_106,2024-01-18,1,64.98220570964298,224.08552007114463
Station_106,2024-01-31,1,55.30273056094204,152.67396356797033
Station_106,2024-02-19,1,9.51652733339272,76.70220145752677
Station_107,2024-01-09,1,63.85425613845187,233.2380518160316
Station_107,2024-01-16,1,24.59962969556764,120.47165206529642
Station_107,2024-02-23,1,8.315805795177543,43.686119138413474
Station_108,2024-01-01,1,19.62910416772725,121.18590519536768
Station_108,2024-01-09,1,70.99471727287802,46.58150985505929
Station_108,2024-01-13,1,23.99396127242872,196.1725266146285
Station_108,2024-01-26,1,66.70523645325736,113.71321031756224
Station_108,2024-01-29,1,78.98357945200523,174.2442875265387
Station_108,2024-02-09,1,72.08924276832295,149.7698095022621
Station_108,2024-02-19,1,5.755524649492359,137.42680126905557
Station_108,2024-02-22,1,60.83110355266755,214.45136220910945
Station_109,2024-01-03,1,9.06588081544948,30.742690977677167
Station_109,2024-02-12,1,10.43167346455136,198.78974592490076
Station_109,2024-02-16,1,13.650698039870646,87.61295109262491
Station_11,2024-01-16,1,52.90446366869147,92.81736208256132
Station_11,2024-01-28,1,69.42235104080157,116.24201213936708
Station_110,2024-01-22,1,9.716946683936513,142.08581596330967
Station_110,2024-01-24,1,52.55689588098792,62.33747795826593
Station_112,2024-01-20,1,21.030519654584147,170.6650011514206
Station_112,2024-01-26,1,45.11780647869832,237.1622842652348
Station_114,2024-01-06,1,36.616568616352566,201.4808788054487
Station_114,2024-02-05,1,37.05562159282365,101.0023783201271
Station_115,2024-01-05,1,65.89318362199285,188.77503814656995
Station_116,2024-02-02,1,43.254517140810776,192.64586233461864
Station_117,2024-01-07,1,74.94807969154884,121.15370485150208
Station_117,2024-01-08,1,127.75747441174424,59.07295323776347
Station_117,2024-02-07,1,50.92256838738107,164.70390417848907
Station_118,2024-01-11,1,22.22767365216008,202.92466971981048
Station_118,2024-01-12,1,47.08633600039671,198.64986093493343
Station_118,2024-02-12,1,37.70311871847127,164.08036248878022
Station_119,2024-01-03,1,76.93342189972203,127.40521201951096
Station_119,2024-01-17,2,107.77585698456785,174.21795807241025
Station_119,2024-02-20,1,18.120951026827235,204.34879659417584
Station_12,2024-01-15,1,48.32460775397477,138.6982002566933
Station_12,2024-01-19,1,42.46618717006869,83.01397911807051
Station_12,2024-01-30,1,47.88862466678341,253.698344272452
Station_120,2024-01-07,1,65.04979561439833,206.2092147169421
Station_120,2024-01-21,1,67.45124177150385,50.97612677949741
Station_120,2024-02-10,1,65.93421330641783,198.20703238179456
Station_120,2024-02-24,1,39.73385254628378,74.95777744555878
Station_121,2024-01-12,1,51.62169093377357,78.21333486742843
Station_121,2024-01-18,1,65.75133335346975,52.574713792980106
Station_121,2024-02-02,1,54.48656320200461,96.5729192416894
Station_122,2024-01-18,1,30.184684241437047,178.28567848329
Station_122,2024-02-19,1,72.27855411576432,65.72126169951568
Station_123,2024-01-15,1,68.74906948767578,33.278230674123144
Station_123,2024-01-29,1,74.34970162186968,133.7171839633121
Station_124,2024-01-19,1,21.097847217832147,208.0837474720477
Station_124,2024-02-05,1,44.76974192287614,38.44172516415408
Station_125,2024-01-01,1,48.48248430757049,154.8555212404594
Station_125,2024-01-19,1,21.580915527008145,75.93142124334639
Station_126,2024-01-05,1,46.77551047348464,187.11050651165965
Station_127,2024-01-06,1,35.55367093393553,212.20524691152
Station_127,2024-01-27,1,45.07891731764474,144.05484409142431
Station_127,2024-01-28,1,59.15730847009105,172.01022891302327
Station_127,2024-02-10,1,54.31762293384593,220.72317978563296
Station_127,2024-02-11,1,28.215649389656605,144.4084154379552
Station_128,2024-02-08,1,9.889982502961283,96.82690033984234
Station_128,2024-02-24,1,63.65257024136892,224.4582221231696
Station_129,2024-01-02,1,31.68448458657448,146.38067628923363
Station_129,2024-01-11,1,49.62151165856079,223.8893072976604
Station_129,2024-01-21,1,41.95057477332522,61.25992882948746
Station_129,2024-02-15,1,36.46547333950338,72.54995201630851
Station_129,2024-02-16,1,24.775659394661684,52.68531706521224
Station_13,2024-01-06,1,33.88719708294054,217.5362911980533
Station_13,2024-01-25,1,73.31591786048328,173.8194406275723
Station_13,2024-01-26,1,55.39579143864877,135.18163774878653
Station_13,2024-02-24,2,89.96841986176076,149.41656794535902
Station_130,2024-01-03,1,77.86372676031044,55.074134836025856
Station_130,2024-01-06,1,15.660564019843829,188.43900975046975
Station_130,2024-01-07,1,10.2776080929522,141.69710110841095
Station_130,2024-01-14,1,57.819430587681474,130.22830283197942
Station_130,2024-01-19,1,53.83827205577136,56.8915790843449
Station_131,2024-01-10,1,49.186728304534114,114.753788860681
Station_131,2024-01-11,1,29.582840438091417,192.2323071865926
Station_132,2024-01-09,1,13.485195325551771,159.92210890446165
Station_132,2024-01-18,1,42.86561113214803,131.61088356103028
Station_132,2024-02-03,1,9.086246707562893,120.60344838468215
Station_133,2024-02-19,1,39.88426993608347,182.21458844010488
Station_134,2024-01-12,1,70.24471717977453,202.36431432630985
Station_134,2024-01-15,1,42.51736091943514,55.785879399886895
Station_134,2024-02-21,1,76.48074420185159,114.76346051302592
Station_135,2024-01-21,1,31.73110320047439,158.9389760473116
Station_135,2024-02-18,1,27.498043111589936,82.46978313377522
Station_137,2024-01-07,1,54.64087910335184,194.9797283439152
Station_138,2024-02-21,1,5.868319195612725,53.4437043058845
Station_139,2024-01-19,1,72.94802476319454,225.47717063347085
Station_139,2024-01-24,1,67.70594563751288,235.25167807373052
Station_14,2024-01-09,1,7.81642400450342,207.43195785383315
Station_14,2024-01-17,2,45.474065920654276,134.19813527773744
Station_14,2024-01-20,1,58.09105214274015,158.96418243711398
Station_140,2024-01-01,1,49.19642958971384,153.76903825610464
Station_140,2024-01-13,1,56.324648784145005,201.26597334674693
Station_140,2024-01-17,1,26.615202038752912,79.07505024305001
Station_140,2024-01-19,1,53.39924325525044,205.83087040228185
Station_140,2024-01-25,1,36.490277883670345,42.28525890367352
Station_140,2024-02-18,1,24.04346935025211,174.39231311561437
Station_141,2024-02-09,1,33.47231506142258,197.91496678782897
Station_141,2024-02-23,1,10.201613009568993,239.62154784608
Station_143,2024-01-16,1,28.1635456086215,137.47934346211105
Station_143,2024-01-28,2,117.21134117097226,159.7532763777093
Station_143,2024-02-01,1,43.99985930276914,213.478926832422
Station_144,2024-01-12,1,56.82135247009669,51.91278879836773
Station_144,2024-01-29,1,79.96222628140413,178.06678491859626
Station_145,2024-01-07,1,23.57128153810389,50.51767433122573
Station_145,2024-01-18,1,45.34396447469323,181.41441825357785
Station_145,2024-01-21,1,14.462719261155256,204.00728806624457
Station_145,2024-02-06,1,77.45420995738992,198.4957157063204
Station_145,2024-02-08,1,45.393753939065256,125.38326553150198
Station_145,2024-02-21,1,21.270741905550192,200.54136292561645
Station_146,2024-02-02,1,40.736704801536966,152.07152485618616
Station_146,2024-02-14,1,47.28525433337332,39.48522886447032
Station_146,2024-02-16,1,15.898734225246953,189.9119941293205
Station_146,2024-02-19,1,76.18778788307228,171.01430070681693
Station_147,2024-01-01,1,27.354317884610715,162.19716765205644
Station_147,2024-02-09,1,17.47337751568118,50.074684623566455
Station_148,2024-01-12,1,59.14827213488981,232.73402456455244
Station_148,2024-02-15,1,34.077999734831565,141.89322087564815
Station_149,2024-01-08,1,63.23651609867501,50.15070853878388
Station_149,2024-01-14,1,50.65984701352952,33.601852946288965
Station_149,2024-01-17,1,31.73575031358406,117.7174571025072
Station_149,2024-01-20,1,45.355066305111706,87.856684185719
Station_15,2024-01-05,1,17.704737472368393,207.75429245004935
Station_150,2024-01-02,1,27.60438468247694,57.42825960758782
Station_150,2024-02-03,1,25.71192392672169,138.5596630304776
Station_150,2024-02-18,1,19.721540010730703,88.99686205186593
Station_151,2024-01-04,1,30.651699818598622,61.72911999713102
Station_151,2024-01-27,1,21.86794779138668,203.0002095948737
Station_151,2024-01-29,1,52.53257448488719,45.00206043185395
Station_151,2024-02-06,1,56.52037667500273,137.81881606617972
Station_152,2024-01-08,1,47.3146093849059,58.13861814746266
Station_152,2024-02-14,1,47.23207084043696,218.6264360210096
Station_152,2024-02-22,1,37.51588423680197,47.82796143456376
Station_153,2024-02-11,1,6.443672288667047,158.07176505923007
Station_154,2024-01-03,1,16.41401693253662,102.1784893484798
Station_154,2024-01-10,2,88.79879653466931,38.29325841038194
Station_154,2024-01-12,1,12.132557803938544,160.48140449997433
Station_154,2024-01-17,1,74.2197558575455,169.7493226788329
Station_155,2024-01-06,1,71.18526462073517,85.53915308276933
Station_155,2024-01-09,1,75.18617180833594,217.39107874636971
Station_155,2024-01-16,1,10.386093782293678,74.55386521551614
Station_155,2024-02-23,1,67.61464385497968,235.60785994908343
Station_156,2024-01-26,1,44.06215479055562,162.85991330186394
Station_156,2024-02-10,1,65.03863434488625,207.5105026842272
Station_157,2024-01-09,1,12.128018048871455,58.81511051244511
Station_157,2024-01-12,1,63.59427153371392,200.0133268700061
Station_158,2024-01-05,1,50.90348235510272,217.27902607787144
Station_158,2024-02-14,1,44.36125627735559,172.1772076323307
Station_158,2024-02-17,1,77.12500791368723,74.01148120705095
Station_159,2024-02-18,1,68.45025675480477,131.16895091576205
Station_16,2024-01-01,1,34.256452908516025,183.93508512136825
Station_16,2024-01-27,1,21.47142841095029,186.973520735094
Station_16,2024-02-06,1,28.780491407276823,46.27871905652702
Station_161,2024-01-12,1,14.018823992805098,109.63450030948324
Station_161,2024-01-25,1,7.603711413792093,48.43160839121165
Station_161,2024-02-09,1,55.40858450740993,230.6101011603827
Station_162,2024-01-01,1,36.862139988267536,212.3771415789688
Station_162,2024-01-15,1,38.66237698854864,141.90347262391646
Station_162,2024-02-17,1,41.13168722967361,37.95781620563917
Station_162,2024-02-20,1,61.63104965912597,176.5749699413833
Station_165,2024-02-06,1,9.04773210705438,118.06286872444038
Station_166,2024-01-07,1,52.884130298910776,76.61895945398487
Station_166,2024-02-01,1,41.76664809903056,275.561434641722
Station_166,2024-02-09,1,40.85727641136661,152.37200652962233
Station_166,2024-02-18,1,20.79343928787075,88.2401832704064
Station_167,2024-01-20,1,65.89861180142826,129.3119493521691
Station_167,2024-02-17,1,50.5305305671186,61.73313882160383
Station_168,2024-01-08,1,71.14274635725945,103.50816929105012
Station_168,2024-02-04,1,54.91320565679101,122.42738783749812
Station_168,2024-02-22,1,20.79043601283822,194.84775460905087
Station_169,2024-01-04,2,80.4977270833066,216.1840109610436
Station_169,2024-01-18,1,25.1008625389698,226.5182049714704
Station_169,2024-01-28,1,50.16265770416625,217.6413003818073
Station_17,2024-01-09,1,38.50773758511891,58.58865247360738
Station_17,2024-01-17,1,13.726133739305284,370.5849935806417
Station_17,2024-02-13,2,36.6768085787807,229.82220074167458
Station_17,2024-02-14,1,69.13309024823164,180.46037305192945
Station_17,2024-02-19,1,18.01705100546142,147.69622295724938
Station_17,2024-02-21,1,94.36532940921012,134.6053084494311
Station_170,2024-01-05,1,27.42595097070096,54.66910745730039
Station_170,2024-02-02,1,48.14596961410625,172.04180957577125
Station_170,2024-02-03,1,8.918418777562092,93.41620174800408
Station_171,2024-01-31,1,16.497212038654055,108.68130686681626
Station_171,2024-02-09,1,56.06964024826272,215.45400028560715
Station_171,2024-02-23,1,49.53480945615692,48.317069156761775
Station_172,2024-01-24,1,75.62248861139022,104.83677459741804
Station_172,2024-02-12,1,69.8745479772151,120.8776825133099
Station_174,2024-01-10,1,35.348377133007446,188.0128213540912
Station_174,2024-02-03,1,12.814363147239058,155.31211083843132
Station_175,2024-01-23,1,13.876557599494063,129.87125604087794
Station_176,2024-01-07,1,74.28073484499863,63.68066810717098
Station_176,2024-02-21,1,5.995140564565627,238.61822301233923
Station_176,2024-02-22,1,49.48345837435455,103.93606075991067
Station_177,2024-01-10,1,37.928111661586094,102.79449071227047
Station_177,2024-02-04,1,58.55989952016146,140.3409060381147
Station_178,2024-01-28,1,39.67713381108,236.67685187416615
Station_178,2024-02-19,1,13.003539499532652,102.28040294497518
Station_178,2024-02-20,1,52.28437229318183,106.36841400963742
Station_179,2024-02-08,1,73.62743176033132,57.74066436303545
Station_179,2024-02-17,1,76.16478844210974,148.524614357226
Station_179,2024-02-20,1,39.97272424864232,41.64779642566037
Station_18,2024-01-15,1,60.96907588597162,149.81761086558856
Station_18,2024-01-22,1,6.538370226754212,28.58933150966944
Station_18,2024-01-23,1,44.90995546867643,53.63644654675832
Station_18,2024-01-26,1,13.116998507416143,212.27239168659196
Station_18,2024-02-11,1,8.823831028083502,203.6963008785471
Station_18,2024-02-16,1,59.19854015458014,204.283685726533
Station_180,2024-01-04,1,68.57302471319414,175.8234387707818
Station_180,2024-01-15,1,65.54082473190631,69.63928036616183
Station_180,2024-01-22,1,61.68434321639767,40.45805940781912
Station_180,2024-01-23,1,46.21171801338653,204.78995953305244
Station_180,2024-02-23,1,85.03985430629427,222.5030782668688
Station_181,2024-01-01,1,19.12887570011548,147.15916355020693
Station_181,2024-01-10,1,20.46478094414017,218.82051057345345
Station_181,2024-01-16,1,7.668660934509698,44.99425222825046
Station_181,2024-01-28,1,76.06503880500838,223.4621111488159
Station_181,2024-01-31,1,51.16176878981536,115.47435214006272
Station_181,2024-02-24,1,6.432324170240332,55.81435848679157
Station_182,2024-01-26,1,19.362005744810176,152.17496050085035
Station_182,2024-01-30,1,8.115370261050328,118.68885461162904
Station_182,2024-02-01,1,74.107522176834,133.47968903980893
Station_182,2024-02-10,1,75.52338506958138,199.615030202766
Station_183,2024-01-08,1,21.82050636814289,51.39703566071314
Station_183,2024-01-14,1,103.81260559148436,211.52672812405496
Station_185,2024-01-03,1,17.769436409407696,198.8447857990175
Station_185,2024-02-05,1,47.99575165649026,161.4762311217877
Station_185,2024-02-09,1,6.623592694043594,162.01275357959844
Station_185,2024-02-18,1,74.70693087698855,220.8895788182904
Station_186,2024-01-24,1,60.939817877399975,108.74835043878385
Station_186,2024-01-26,1,35.327332248586075,88.29862562188006
Station_186,2024-02-06,1,54.884964513779416,182.1682730700544
Station_187,2024-01-06,1,6.189015903017523,77.51128269989235
Station_187,2024-01-14,1,26.34468459019388,118.32402057294776
Station_188,2024-01-27,1,66.89909636313753,166.1691278578643
Station_188,2024-02-15,1,36.70152016311202,112.34938427439148
Station_189,2024-01-11,1,56.35798687093989,192.6555687694752
Station_189,2024-01-21,1,11.48343148800489,217.29227658772703
Station_189,2024-01-29,1,39.223093374363,184.1127183146967
Station_19,2024-01-09,1,28.22969163134975,73.12137466120186
Station_19,2024-01-16,1,6.9381938340043,197.4577608549822
Station_19,2024-01-19,1,74.54048485931233,215.4647923748797
Station_19,2024-02-07,1,14.10985781803456,56.20326425201466
Station_19,2024-02-11,1,5.602389790671721,194.8498266289525
Station_19,2024-02-13,1,17.53493129851908,223.10736119078985
Station_191,2024-01-05,1,13.262909019022482,184.14091362591697
Station_191,2024-02-12,1,56.19836617198485,10.94877401996616
Station_192,2024-01-03,1,65.98624912728606,198.82814146297093
Station_192,2024-01-15,1,67.22515101988213,30.27607302043155
Station_192,2024-01-16,1,1.356731546885289,94.2722751142804
Station_193,2024-02-08,1,18.30737391871987,406.38571964429286
Station_193,2024-02-11,1,53.95698169820941,224.22317364101616
Station_194,2024-01-24,1,8.383690895109462,120.0160465635302
Station_194,2024-02-07,1,13.089183211513587,44.99878192914307
Station_194,2024-02-18,1,62.26265635402747,102.27609546524208
Station_195,2024-02-05,1,76.44990710737748,136.36418020286132
Station_196,2024-02-14,2,80.27583454840102,128.70917144895904
Station_196,2024-02-19,1,59.126629342112274,145.28467334708918
Station_197,2024-01-19,1,46.5117702649118,168.56079726049256
Station_197,2024-01-30,1,21.308572550577523,224.11812973559236
Station_197,2024-02-14,1,75.57096449529908,154.46713394595886
Station_198,2024-01-02,1,16.136238725396332,78.41563630477705
Station_198,2024-01-28,1,51.14211521001526,106.85724921058949
Station_198,2024-02-11,1,26.510946858011508,188.9152064294817
Station_198,2024-02-12,1,79.24854612418856,106.42311112893988
Station_198,2024-02-20,1,71.8059193887291,224.17597049742284
Station_199,2024-01-06,1,65.48719595789339,123.97688279413138
Station_199,2024-01-12,1,6.479430984738162,128.01021770481944
Station_199,2024-02-04,1,71.16250433532748,72.15643932560121
Station_2,2024-01-01,1,24.726937680708804,207.5208167263469
Station_2,2024-01-13,1,5.3378360735216495,80.83861991995605
Station_2,2024-01-19,1,9.737039612310449,184.21843052212253
Station_20,2024-01-20,1,34.80201788379793,51.12298788529102
Station_200,2024-01-11,1,59.781219876480165,230.37269058317705
Station_200,2024-01-12,1,58.151062888392886,119.17523397490042
Station_200,2024-01-22,1,56.888515995947614,180.17128114011808
Station_200,2024-01-31,1,76.46827351726323,220.87103793947995
Station_200,2024-02-17,1,45.45344885211073,86.46545357866022
Station_201,2024-02-12,1,26.30453465597864,215.0704815753436
Station_201,2024-02-17,1,76.03768937793197,131.8230096654033
Station_203,2024-01-06,1,48.28787199679972,124.41318581347346
Station_203,2024-01-08,1,33.098691426112154,130.93035405949522
Station_203,2024-02-15,1,41.65484517329656,8.40179937762195
Station_204,2024-01-05,1,29.16952953646135,110.2441215469989
Station_204,2024-01-27,1,47.49230024226053,204.61803637231372
Station_204,2024-02-14,1,28.25303140485608,54.5181231031818
Station_204,2024-02-18,1,38.69718656721909,33.00106170854707
Station_205,2024-01-09,1,78.64289917152071,36.53850496541961
Station_205,2024-01-14,1,64.52243106916856,103.49947980009983
Station_205,2024-02-21,1,33.67446234201802,120.53236234256286
Station_206,2024-01-01,1,18.20619747737872,158.9181268636618
Station_206,2024-02-07,1,51.737131530843484,81.31711799081843
Station_206,2024-02-18,1,55.46883682152323,212.4227407263388
Station_207,2024-02-06,1,58.11274413766781,154.33350462853252
Station_208,2024-01-03,1,59.25460166411963,76.77724175747782
Station_208,2024-01-05,1,26.8691096120868,147.8210963000146
Station_208,2024-01-25,1,75.40700953728192,189.26919239858375
Station_209,2024-01-05,1,61.697438669843606,151.53078222394996
Station_209,2024-01-06,1,24.84871287490711,199.10209826232207
Station_21,2024-02-10,1,79.3573768668566,201.95954176024577
Station_210,2024-01-25,1,47.18840893514874,199.80768670098587
Station_210,2024-02-14,1,34.79054782301729,108.83299633674636
Station_211,2024-01-02,1,60.06708508895625,59.94601130423499
Station_211,2024-02-12,1,44.01595165676219,79.45861783622246
Station_211,2024-02-14,1,54.96447201998234,211.37625639056537
Station_211,2024-02-15,1,57.896271802948434,104.02887681114558
Station_211,2024-02-21,1,66.17819525015547,195.8961253556618
Station_211,2024-02-22,1,54.54859168539257,96.194067903831
Station_212,2024-01-08,1,8.349591228417406,138.7605037344601
Station_212,2024-01-13,1,37.6423038507068,160.0208985703299
Station_212,2024-01-20,1,67.41433642306683,182.6319145999697
Station_213,2024-01-23,1,4.288320356345183,147.5913695381915
Station_213,2024-02-15,1,21.847908232183183,196.54296138974505
Station_214,2024-01-18,1,72.09484050132289,121.36909460690016
Station_214,2024-02-05,1,51.492346382026085,234.6947582613393
Station_214,2024-02-15,1,24.23053686415175,56.04062887106993
Station_214,2024-02-20,1,49.66092549992548,215.4144849679212
Station_215,2024-01-06,1,15.010165946159637,38.9205409926782
Station_215,2024-02-01,1,76.58011323732995,160.68579246573432
Station_215,2024-02-04,1,16.111111317085957,63.66162950237402
Station_216,2024-01-13,1,46.45478115373152,236.1942322340472
Station_216,2024-01-20,1,18.869451407961307,239.1275763604173
Station_216,2024-02-04,1,47.20021555132315,248.7898770112945
Station_216,2024-02-14,1,25.36585765013293,33.60111234385585
Station_216,2024-02-24,1,35.7622826922978,115.58221983226544
Station_217,2024-01-10,1,52.05474164868848,176.13655511249948
Station_217,2024-02-18,1,76.68731222622425,43.79297548809963
Station_218,2024-02-03,1,10.241885891596077,83.68482615484278
Station_219,2024-01-03,1,74.99970643372605,114.67818926296708
Station_219,2024-01-29,1,53.104493654248735,111.485799851718
Station_219,2024-02-10,1,39.18998751353248,163.7113774786423
Station_219,2024-02-21,1,60.68153839035487,132.90892923561125
Station_22,2024-02-23,1,61.93297987243194,166.12597655452433
Station_220,2024-01-22,1,16.080974332847084,196.13396482230232
Station_220,2024-01-30,1,42.74479256756108,70.80975008748972
Station_220,2024-02-16,1,18.1024722667836,116.0813075153791
Station_220,2024-02-17,1,77.69304556526747,217.46230720242932
Station_221,2024-01-29,1,45.47118879513778,177.46480736574816
Station_221,2024-02-01,1,38.711207157580986,178.05361460473264
Station_221,2024-02-09,1,42.95272026706106,96.89993893396633
Station_222,2024-01-15,1,10.450657832354688,85.69777402951046
Station_223,2024-01-09,1,28.98835178470727,196.54512699792608
Station_223,2024-01-18,1,32.491515817951985,46.558296419831336
Station_224,2024-01-04,1,65.431016913359,55.76919322533804
Station_226,2024-01-05,1,15.91756323749268,200.9034390207279
Station_226,2024-01-24,1,49.8977884122396,144.09036989983233
Station_226,2024-01-31,1,17.929285125178676,177.8724976656635
Station_226,2024-02-02,1,20.51871405095877,218.794982714807
Station_227,2024-02-11,1,46.61987332807575,93.7672656048962
Station_227,2024-02-24,1,9.209067930589208,144.97257096138895
Station_228,2024-01-05,1,71.47764853216556,39.15493357644482
Station_228,2024-01-19,1,65.18392768549774,144.5002266927999
Station_228,2024-01-28,1,58.19728526882489,105.7228450835318
Station_229,2024-01-07,1,41.08911136063269,313.22156251346627
Station_229,2024-01-24,1,11.75852247006084,182.53497371995732
Station_229,2024-01-25,1,46.29599734888577,129.23143341528916
Station_23,2024-01-02,1,68.17785003637414,194.5467634949095
Station_23,2024-01-16,1,13.280712325754468,105.6864793337684
Station_231,2024-02-08,2,45.970329518791765,131.31841149814358
Station_232,2024-01-23,1,51.87067063305462,231.64330350915932
Station_232,2024-02-04,1,64.04377270020223,31.82515937354591
Station_232,2024-02-23,1,27.99720488584749,106.11728464828454
Station_233,2024-01-12,1,19.9168777203513,168.31072688224984
Station_233,2024-02-11,1,49.363214910123695,73.57023880785889
Station_234,2024-01-14,1,76.70996422567768,163.0862596082008
Station_234,2024-01-23,1,46.76604426109744,53.85649758953572
Station_234,2024-02-03,1,31.18702899243124,111.62660054358656
Station_235,2024-02-18,1,35.84413909327468,227.6993749154072
Station_236,2024-01-20,1,44.72944867558798,81.28293936946925
Station_237,2024-01-29,2,38.79693453694479,103.81930982799787
Station_237,2024-02-11,2,102.89932870593938,173.59573653074096
Station_238,2024-01-15,1,40.161421851143096,151.07843231874745
Station_238,2024-01-18,1,76.4481598100646,150.90742423280807
Station_238,2024-02-10,1,60.38629791395793,207.61557801092437
Station_239,2024-01-02,1,19.473800595427143,86.13196723606595
Station_239,2024-02-04,1,67.88757428323595,116.72010818107236
Station_24,2024-02-22,1,11.321914132806013,109.30858128633749
Station_240,2024-01-20,1,63.29716818793051,50.01267503906287
Station_240,2024-01-28,1,19.146538928197334,168.249094813861
Station_241,2024-02-23,1,34.54134762062127,152.3506952174317
Station_242,2024-01-20,1,36.3229254401527,120.32483745761505
Station_242,2024-01-21,1,44.41845305466813,140.66224382335324
Station_242,2024-02-05,1,40.271295219742754,166.6165455505703
Station_244,2024-01-22,1,15.807797227472452,43.63396082576664
Station_244,2024-01-30,1,45.9092521544369,42.524312772042016
Station_246,2024-01-15,1,67.43740257394747,108.87366354208402
Station_246,2024-01-21,1,7.739028453603041,126.26943354943228
Station_246,2024-01-24,1,48.9611152601949,178.05420732245045
Station_246,2024-02-03,1,0.1211432950427712,87.33815490611198
Station_246,2024-02-06,1,55.655332785147046,100.73849935642907
Station_246,2024-02-13,1,8.234584116412151,54.29960279533963
Station_247,2024-01-09,1,51.16182197500394,77.20047040282478
Station_247,2024-02-04,1,56.0452902589365,149.5267061512454
Station_248,2024-01-22,1,47.01289216755188,100.01339683162304
Station_248,2024-01-28,1,44.75866737764865,209.38627202280384
Station_249,2024-02-07,1,30.27520935029439,107.68530096392573
Station_249,2024-02-23,1,28.80292498005887,45.50401486071531
Station_25,2024-01-07,1,68.03002486170053,91.01833743126562
Station_25,2024-01-11,1,13.088994842173186,194.3575523216717
Station_25,2024-01-23,1,79.39006382394219,162.85846894520336
Station_250,2024-01-19,1,63.83060874636528,147.519151210666
Station_250,2024-01-26,1,74.51050318325304,95.35312545894467
Station_251,2024-01-25,1,23.92092196826273,128.74838126973015
Station_251,2024-02-03,1,8.353019856414647,205.8290674768023
Station_251,2024-02-13,1,34.86162084385812,208.21183773140544
Station_252,2024-02-15,1,34.43336364069278,40.81506288774806
Station_252,2024-02-19,1,14.804488742545598,156.8437792807874
Station_253,2024-01-13,1,65.32285347166376,77.54294310595262
Station_253,2024-01-20,1,62.04960065177048,70.66301932984489
Station_254,2024-01-14,1,17.890527690443513,222.391331253882
Station_254,2024-01-24,1,37.23027566973339,78.94975488103184
Station_254,2024-01-27,1,79.75044564145941,206.00783037712583
Station_254,2024-02-17,1,38.188211099692175,193.6696064436973
Station_255,2024-01-28,1,27.1701708128166,199.25634368405696
Station_255,2024-01-29,1,10.420110802780291,73.76089268385486
Station_255,2024-02-02,1,36.63162352131471,58.46361274907573
Station_255,2024-02-17,1,31.728682285908047,137.67689978871198
Station_256,2024-01-30,1,56.65756369693637,36.792510462968494
Station_256,2024-01-31,1,10.137709442892056,94.94218870127968
Station_257,2024-01-18,1,41.57891512365271,64.61991559877552
Station_258,2024-01-23,1,56.72762317734674,120.84059565070363
Station_258,2024-01-27,1,38.5981394103895,82.16517710183952
Station_258,2024-02-13,1,64.22961963559717,127.7750560159641
Station_258,2024-02-23,1,30.751503981203896,226.66012520860596
Station_259,2024-01-26,1,68.23834404896303,162.62623194281113
Station_259,2024-02-22,1,5.892835163588776,74.15938646673017
Station_26,2024-01-10,1,50.643736597993126,133.74855297047174
Station_26,2024-01-12,1,61.83012083767203,83.97118512959823
Station_26,2024-01-29,1,8.527929006106092,175.7538757197509
Station_260,2024-02-02,1,73.37136541275711,181.3579658383032
Station_261,2024-02-01,1,69.4391779041177,219.57549682932031
Station_262,2024-01-16,1,42.29018026674148,120.73757969893424
Station_262,2024-01-19,1,26.46822315749027,82.6377558087296
Station_262,2024-02-10,1,76.57770216711769,108.5759296542318
Station_262,2024-02-23,1,8.936913796477242,217.3956473077798
Station_263,2024-01-11,1,22.275712407676338,138.77263973549168
Station_263,2024-01-28,1,57.14555997083127,154.18520988853416
Station_265,2024-01-09,1,62.24807114091579,205.9251394987304
Station_265,2024-02-08,1,37.97418005443737,104.62059136458193
Station_266,2024-01-11,1,7.424244899456774,114.63745267628391
Station_266,2024-01-17,1,79.46231190835228,173.72093916433542
Station_266,2024-01-21,1,63.79396886506549,46.84361864088246
Station_266,2024-02-07,1,27.694411449808683,84.13083624106686
Station_266,2024-02-10,1,25.32972426052728,104.56343919462569
Station_267,2024-01-17,1,41.5686202547537,152.05963241943772
Station_267,2024-01-19,1,49.5455465707554,40.49637016628588
Station_268,2024-01-14,1,70.39888221837178,33.09201729087961
Station_268,2024-01-18,1,41.60286682113125,89.7071342654412
Station_268,2024-02-14,1,74.78581939727512,100.71081108472008
Station_268,2024-02-24,1,66.97990803084751,46.53979593973767
Station_269,2024-01-13,1,18.549702417680702,109.73271245062992
Station_269,2024-02-21,1,37.9980325281785,123.644031589782
Station_27,2024-01-02,1,46.80719594482398,232.67954715491408
Station_27,2024-02-05,1,44.87557340248862,100.75190568420668
Station_27,2024-02-16,1,90.23550358200892,77.1594100481178
Station_270,2024-01-04,1,28.440773917754164,64.77951927454258
Station_271,2024-01-06,1,47.29002739188249,197.68385204057813
Station_271,2024-01-09,1,1.7545202338044217,47.84366586077235
Station_271,2024-01-16,1,70.06077676219795,203.98493955029653
Station_271,2024-01-27,1,77.6778219726915,172.5577408560609
Station_271,2024-02-15,1,18.561385925179625,94.56441494188392
Station_271,2024-02-20,1,39.94579631974886,162.35964829423204
Station_272,2024-01-15,1,5.775919735452496,110.1874077739173
Station_273,2024-01-08,1,56.01783153828373,62.45844139647538
Station_273,2024-01-10,1,65.89172326762375,44.33583182965521
Station_273,2024-02-03,1,5.144893571862889,119.79736236282623
Station_273,2024-02-23,1,26.4440331229724,221.5342474763814
Station_274,2024-01-08,1,72.2378188219246,209.89713331932555
Station_275,2024-01-10,1,68.82528250979368,147.9201657423605
Station_275,2024-01-25,1,71.97510217973728,63.45217941893028
Station_275,2024-02-12,1,1.3302257390094765,80.28241961408278
Station_276,2024-01-14,1,14.503455142567915,134.45004032594807
Station_276,2024-02-13,1,50.48944002879003,43.20863409744043
Station_277,2024-02-10,1,26.75691987130609,9.923632724282584
Station_277,2024-02-11,1,65.60582507754691,236.53930941531337
Station_277,2024-02-22,1,14.11630705481829,56.40013063478201
Station_278,2024-01-06,1,74.10645011572457,177.92516427414077
Station_278,2024-01-15,1,76.71844669022504,226.4945592850014
Station_279,2024-01-02,1,61.52075986084904,76.82464248209624
Station_279,2024-01-14,1,52.99672888359278,211.58993220381348
Station_279,2024-01-23,1,19.402523927112213,123.17242192764648
Station_279,2024-01-25,1,45.134038075505366,121.130891394886
Station_279,2024-02-15,1,68.56767860768713,93.49218998619187
Station_279,2024-02-18,1,79.94974411198142,99.5496421519712
Station_28,2024-02-02,1,17.218744475121433,57.45126697952025
Station_280,2024-01-25,1,67.56014288077881,168.67419899396378
Station_281,2024-02-01,1,28.84698737447133,197.6228034062278
Station_282,2024-01-02,1,67.47546614008147,126.3070247311918
Station_282,2024-01-13,1,49.83823893887459,98.86940934751208
Station_282,2024-01-23,1,17.759774553770676,162.91575749423765
Station_282,2024-01-27,1,79.21399696256503,156.25957217137005
Station_283,2024-01-22,1,36.56579373074047,95.49693145892915
Station_283,2024-02-15,1,21.70612432843914,150.30618624778035
Station_284,2024-01-06,1,39.64439031543013,115.54451044218446
Station_284,2024-01-30,1,9.623141257761764,236.66932587876457
Station_285,2024-01-26,1,67.38186056016852,47.95261384383
Station_285,2024-02-14,1,69.21096127147155,137.2196474192102
Station_286,2024-01-13,1,5.69951995446004,65.20061385863426
Station_286,2024-02-14,1,38.08536376892858,116.94022085307994
Station_287,2024-01-04,1,32.83295683246542,204.5183006924969
Station_287,2024-01-23,1,33.013974817380586,159.70007012633064
Station_288,2024-01-02,1,40.178003499947216,216.25041212235692
Station_288,2024-02-15,1,40.27163575273819,161.57472756701642
Station_289,2024-01-22,1,8.891155819549416,173.0636823392437
Station_289,2024-01-23,1,64.30797977990255,148.359482975643
Station_291,2024-01-24,1,12.594888574055725,205.2287976273124
Station_291,2024-02-22,1,19.958025275991496,77.89629476164328
Station_292,2024-01-06,1,47.52745876259207,228.2939783255868
Station_292,2024-01-20,1,78.30687812670662,144.0094476103
Station_292,2024-02-01,1,36.226212409732376,239.54564322122792
Station_292,2024-02-09,1,29.18339676386404,185.9526668307601
Station_294,2024-01-03,1,29.34565985727085,148.92544051901194
Station_294,2024-01-21,2,129.01643165475195,117.96894128518854
Station_294,2024-02-03,1,77.8613161281733,42.39219874683013
Station_296,2024-01-15,1,77.17272373807074,84.54769658154092
Station_296,2024-01-25,1,62.86785794966232,175.39059463104192
Station_296,2024-02-09,1,59.21757555858335,96.16504160977873
Station_296,2024-02-22,1,47.67827374967497,85.49457434842769
Station_297,2024-02-07,1,45.61965970987572,54.8300169025153
Station_297,2024-02-19,1,28.77227402735012,71.57438366234318
Station_297,2024-02-24,1,54.82511333467084,33.43279969960045
Station_298,2024-01-10,1,33.365508790480845,36.67572140657891
Station_298,2024-01-22,1,68.55546011969274,37.24476529945051
Station_298,2024-02-19,1,21.35157383578864,171.4328604177685
Station_299,2024-01-12,1,15.058971703234262,193.01914944384148
Station_3,2024-01-04,1,51.67374779364138,41.50532185423189
Station_3,2024-02-20,1,45.45111536306598,67.86179991010574
Station_30,2024-01-24,1,79.78776885692933,86.78786618447117
Station_30,2024-02-08,1,18.034377951520995,165.4196144063966
Station_300,2024-01-30,1,26.179783257937025,228.357677756101
Station_300,2024-02-07,1,60.71815399652918,131.64963395167965
Station_301,2024-01-12,1,13.319017315610488,53.47775381043679
Station_302,2024-01-01,1,51.46761685839947,159.3237867367814
Station_302,2024-01-11,1,61.1175287370132,162.64534277641434
Station_304,2024-01-14,2,83.61245669993656,88.74220135375012
Station_304,2024-01-16,1,52.71641215020086,33.76901641238069
Station_304,2024-01-22,1,70.04034616527528,176.05593156326097
Station_304,2024-02-18,1,60.46898672586866,223.0433917705254
Station_305,2024-02-05,1,38.2137648106408,113.31769441791634
Station_306,2024-01-08,1,13.87716708884735,31.277495292141445
Station_306,2024-01-20,1,57.859669994397166,186.2865512899546
Station_306,2024-02-09,1,70.09733350116187,217.0157412415878
Station_307,2024-01-05,1,7.358446629421065,145.84760224599586
Station_307,2024-01-19,1,7.569584209512826,196.3126483125666
Station_307,2024-01-31,1,62.5376105258264,186.7000014966339
Station_307,2024-02-01,1,40.319061981322655,104.61641550832448
Station_307,2024-02-14,1,21.871253290777545,34.32000758441607
Station_308,2024-01-11,1,76.3581979165499,178.49017599383345
Station_308,2024-01-28,1,34.79315986001264,204.774971841221
Station_308,2024-02-07,1,73.60654260034698,82.54349250746043
Station_308,2024-02-09,1,58.74152298342496,174.8554781961642
Station_308,2024-02-23,1,57.45442116792438,67.26931767457134
Station_309,2024-01-19,1,58.7914423257815,148.3033660983224
Station_309,2024-01-24,1,48.57848684629363,215.35624040209584
Station_309,2024-01-25,1,28.279857147188363,161.62316454970838
Station_309,2024-01-30,1,79.26318452230387,37.209755939999184
Station_309,2024-02-02,1,15.5583755009174,45.32658531889159
Station_310,2024-01-11,1,6.35451648199704,62.81126399290252
Station_310,2024-01-25,1,40.63092350376829,164.98436472904766
Station_310,2024-02-17,1,5.163807087916792,234.60038676264605
Station_310,2024-02-22,1,25.527547211644688,26.09339608610081
Station_311,2024-02-05,1,64.0000211656222,206.73730864828596
Station_311,2024-02-18,1,53.36289470151473,227.98915247782077
Station_312,2024-01-30,1,27.8542104539734,111.98889850071724
Station_312,2024-02-06,1,49.9789258332708,86.19002368942637
Station_312,2024-02-10,1,45.81366156734756,206.6507517341507
Station_313,2024-01-07,1,48.99847458311938,224.1888883295698
Station_313,2024-01-22,1,7.557567403210105,90.04032098294552
Station_313,2024-02-10,1,32.02408532686721,77.26924956488286
Station_313,2024-02-24,1,65.23254316413059,93.9951569548353
Station_314,2024-01-04,1,35.9072426531086,163.53365073951147
Station_314,2024-02-20,1,23.05045623839652,219.71405058753493
Station_315,2024-02-13,1,23.92505033099207,97.72441585490569
Station_315,2024-02-16,1,23.193290217345247,120.46262656987182
Station_317,2024-01-03,1,76.45046498743068,232.4069988347105
Station_318,2024-01-07,1,37.76450274178449,203.86620821888997
Station_318,2024-01-11,1,60.5227294924313,184.7117095652933
Station_318,2024-02-19,1,5.20011260069647,113.2598400319114
Station_319,2024-01-10,1,31.877190174337137,83.03645495580706
Station_32,2024-01-04,1,41.60783353260332,48.42412472516677
Station_32,2024-01-05,1,60.47162634897462,191.29553702023017
Station_32,2024-01-23,1,21.13404477845307,233.9110885643248
Station_32,2024-01-27,1,40.05179662487088,62.38469456193939
Station_320,2024-01-06,1,7.515940355911836,205.01217596196685
Station_321,2024-02-15,1,26.050244075726223,122.0679615874014
Station_322,2024-01-15,1,62.19283345936647,33.31262185200365
Station_322,2024-02-12,1,48.61478557078329,221.47724373926044
Station_322,2024-02-21,1,60.624560710723856,117.7363898666338
Station_323,2024-02-11,1,54.36218573947502,115.50466303871524
Station_323,2024-02-23,1,71.94505922956554,236.55406631670965
Station_324,2024-01-07,1,67.89119052685948,180.4375015739492
Station_324,2024-01-25,1,74.7896950755514,112.79173871652482
Station_324,2024-01-31,1,48.66355521084799,105.37629965314014
Station_324,2024-02-04,1,40.65621778280107,202.66703993632603
Station_324,2024-02-22,2,114.98596839688983,206.874922970527
Station_325,2024-01-30,1,10.55815619752912,239.45713584965927
Station_325,2024-02-07,1,31.102261453118967,59.63053725007431
Station_325,2024-02-13,1,69.59647495660728,140.34251973200003
Station_325,2024-02-14,1,18.79049305407434,98.34788105179489
Station_325,2024-02-21,1,76.24242378732372,223.7339814590936
Station_326,2024-01-01,1,68.44712632026376,124.28575255340633
Station_326,2024-02-20,1,11.422192304640166,195.2638701433576
Station_327,2024-01-01,2,96.0188883136801,145.7218956829966
Station_327,2024-02-17,1,55.199838402705424,102.06704127678957
Station_327,2024-02-19,1,35.86668099087705,253.60007239290127
Station_328,2024-01-17,2,48.165670618759904,135.00821407573557
Station_329,2024-01-19,1,5.746444809429853,34.86177362122292
Station_329,2024-01-27,1,68.06928828300951,79.27067607131924
Station_329,2024-02-13,1,66.09153402649976,76.37323233434135
Station_33,2024-01-31,1,68.24465321163233,202.5342305646919
Station_330,2024-01-19,1,76.49931986653537,180.46287129984088
Station_330,2024-01-21,1,45.06853330402873,102.75477454204268
Station_330,2024-01-27,1,62.42036136933443,150.00211681122366
Station_331,2024-01-23,1,21.069157575738828,223.44328372616448
Station_332,2024-02-21,1,46.40242818798875,58.74456199382395
Station_333,2024-01-28,1,58.45788451376784,61.22286962818463
Station_333,2024-01-31,1,77.29578007017075,41.05770948472679
Station_333,2024-02-06,1,20.17078858180017,147.02709396294526
Station_334,2024-01-03,1,37.06292777850246,96.54596595617686
Station_334,2024-01-12,2,93.58305891469738,178.23097414367226
Station_334,2024-02-09,1,53.57520170906194,50.06247796594544
Station_335,2024-01-01,1,43.18113714248533,70.05840924608542
Station_335,2024-01-02,1,77.0536063752363,181.8121611138164
Station_335,2024-02-15,1,44.64048952672159,71.799304222274
Station_336,2024-01-03,1,62.723162291274086,127.07360099726114
Station_336,2024-01-12,1,6.462698570789017,207.91539522960312
Station_336,2024-01-29,1,37.84729729719263,135.75217325703667
Station_336,2024-02-01,1,64.37713244013099,138.89160099650877
Station_336,2024-02-02,1,25.12116466546159,60.63041814192157
Station_336,2024-02-24,1,13.75625150299386,165.27164889713413
Station_337,2024-01-08,1,22.742594390832505,61.83382365940548
Station_337,2024-01-14,1,74.73938753754207,5.7188649927531845
Station_337,2024-02-12,1,26.730320039666697,40.122470829625726
Station_337,2024-02-23,1,39.70699556704798,226.5081240090223
Station_338,2024-01-09,1,80.72941928487083,172.63146562397873
Station_338,2024-01-10,1,44.15948700741327,238.61108352602045
Station_338,2024-01-18,1,33.39817875530706,147.30041855873588
Station_339,2024-01-15,1,53.81020176075347,30.78038105711664
Station_339,2024-01-26,1,22.016443610220865,76.14945595317043
Station_34,2024-01-04,1,69.16916705566726,137.11452967964868
Station_34,2024-01-18,1,19.89879895108544,110.9803254510793
Station_34,2024-01-25,1,52.57470179430345,195.9593744282968
Station_34,2024-02-07,1,6.268235994227531,340.4273227914684
Station_340,2024-01-02,1,10.338517723856468,92.86282306178224
Station_341,2024-01-08,1,78.83314651875263,175.29501969858742
Station_341,2024-01-28,1,65.20093720294392,177.16370330491972
Station_341,2024-01-29,1,34.6802647525039,89.85376094450933
Station_342,2024-01-20,1,46.92333914698138,133.16014294971075
Station_342,2024-02-05,1,67.77665979862479,312.696733570891
Station_342,2024-02-16,1,56.1150925022779,63.44495581162983
Station_342,2024-02-20,1,23.942080345214407,129.55348555015755
Station_343,2024-01-04,1,22.88203842151127,94.16824281450027
Station_343,2024-01-20,1,77.34671417127635,108.9914546881832
Station_343,2024-01-23,1,32.93955896020962,195.8303771839056
Station_343,2024-01-24,1,66.85109294209524,155.25371226875737
Station_343,2024-02-06,1,50.61599542846814,225.6420277168223
Station_344,2024-01-07,1,76.59801205371735,199.2501233592714
Station_344,2024-02-03,1,18.89056337329201,85.12702459164578
Station_344,2024-02-15,1,27.752745917900945,54.23194809208399
Station_346,2024-01-10,1,67.9228322505551,222.2743169581226
Station_347,2024-02-03,1,40.76283311435537,56.30619476781768
Station_348,2024-01-12,1,12.919879701960571,202.85007186208307
Station_348,2024-02-23,1,45.93945507648217,108.80574891912234
Station_349,2024-02-02,1,75.62261390550266,224.3312100083219
Station_35,2024-01-03,1,67.00568214318923,216.481857660554
Station_35,2024-01-17,1,69.44996147928137,63.97240484078768
Station_35,2024-02-17,1,59.16864335631949,165.9372994182908
Station_350,2024-01-25,1,37.10851773104313,176.30364703817128
Station_351,2024-02-01,1,73.5059703623024,110.15454420728912
Station_351,2024-02-06,1,74.93688348332599,90.2706521569317
Station_351,2024-02-18,1,37.52045250571513,166.91041244667576
Station_352,2024-01-07,1,45.57396766460627,195.95133993924097
Station_352,2024-01-22,1,60.12372287224216,178.1408660964546
Station_352,2024-02-03,1,78.89524910756762,73.55373074411868
Station_353,2024-01-30,1,9.669665590124442,97.29448537869987
Station_353,2024-02-11,1,40.27604440348503,73.40131693570592
Station_353,2024-02-24,1,43.251453479602375,150.10852610547042
Station_354,2024-01-18,1,78.95506101572013,227.79376053092304
Station_354,2024-01-19,1,5.614874084822165,147.57609278661482
Station_354,2024-02-02,1,43.825900117321794,187.68769382145535
Station_354,2024-02-12,1,46.53802191715521,205.64212266012416
Station_355,2024-01-11,1,29.84062267463912,208.4318145542362
Station_355,2024-01-28,1,47.060925633313786,146.7329302432661
Station_355,2024-02-23,1,67.07828216010658,233.0389687713724
Station_356,2024-01-11,2,125.96102533514187,158.5378855961857
Station_356,2024-02-07,1,39.93276466234457,162.35513089765695
Station_357,2024-01-16,1,23.1470476755872,197.0455312306372
Station_357,2024-01-30,1,34.72671289756062,177.5868155617805
Station_357,2024-02-20,1,77.63234569193523,198.41244105473984
Station_357,2024-02-22,1,51.94497776365302,147.6956228138704
Station_358,2024-02-08,1,37.610115032737085,206.50342676730685
Station_358,2024-02-19,1,48.84665066850152,99.8382200054738
Station_359,2024-01-18,1,29.697898464844947,235.1781382594528
Station_36,2024-01-03,1,8.713190575944605,132.572569409835
Station_36,2024-02-13,1,29.05244637809921,176.86790093030515
Station_361,2024-01-02,1,43.487751224792326,219.15242012603653
Station_362,2024-01-20,1,26.566509231569366,63.93337536919433
Station_362,2024-01-28,1,30.550011561630846,170.06360120512335
Station_362,2024-01-30,1,38.61710108945668,151.72428566214418
Station_363,2024-01-11,1,37.50977747998428,211.08367956554375
Station_364,2024-01-17,1,64.40334432867209,87.78654564954248
Station_365,2024-01-08,1,47.84104322110981,96.80325590574655
Station_365,2024-01-31,1,10.192259430922377,131.61973353458671
Station_365,2024-02-07,1,38.957609713355055,145.85799804499936
Station_365,2024-02-15,1,35.17106494410814,83.57423260098014
Station_366,2024-01-07,1,56.06879094629386,195.26175266693596
Station_366,2024-01-28,1,51.21630472206044,110.7030393877092
Station_366,2024-01-30,1,32.25299063735733,218.9775412628811
Station_367,2024-02-04,1,35.024111186545994,55.12034541648851
Station_367,2024-02-05,1,60.70480470905676,184.3492520418604
Station_367,2024-02-23,1,23.437875326038824,207.81881606895828
Station_368,2024-01-31,1,62.63400990213397,78.36608183186756
Station_368,2024-02-03,1,59.922814416459936,225.192988781168
Station_368,2024-02-12,1,68.51919496631803,141.72283051930634
Station_368,2024-02-16,1,41.15701390960357,195.80990387432144
Station_369,2024-02-05,1,55.78259572680235,76.7825694563256
Station_37,2024-02-06,1,57.67538255763964,172.7742723168485
Station_370,2024-01-24,1,8.11244782892836,99.14750621941836
Station_371,2024-01-18,1,61.46067458832575,148.18706239373276
Station_371,2024-02-12,1,34.14920011576352,238.5339226345856
Station_372,2024-02-10,1,0.0457718422773702,122.58503049990182
Station_373,2024-01-11,1,44.78548903983442,205.8387611031488
Station_373,2024-01-15,1,30.80566200277668,62.27160430486035
Station_373,2024-02-12,1,66.70625110738425,170.05869409198814
Station_373,2024-02-13,1,38.409401627820046,149.85440228498956
Station_374,2024-02-24,1,18.895101661444063,196.02730164427567
Station_375,2024-01-21,1,10.155212817693824,91.20626770815836
Station_376,2024-01-09,2,137.06071813001182,102.64753409608683
Station_376,2024-02-21,1,12.89314235582393,128.47799712257134
Station_377,2024-01-07,1,69.1055463943984,196.511619585496
Station_377,2024-01-17,1,64.5382469650896,238.25998804536172
Station_377,2024-01-31,1,9.127828166953716,59.58892399535649
Station_378,2024-01-03,1,71.28000416235402,144.82529621393957
Station_378,2024-01-16,1,55.78297746472087,82.6078293644172
Station_378,2024-01-21,1,64.87047474097292,194.0345377038929
Station_378,2024-02-08,1,152.23875799921288,42.6178830167736
Station_378,2024-02-09,1,74.18267082528274,64.01024434589151
Station_379,2024-02-16,1,61.23146590227786,139.87862085176167
Station_38,2024-02-17,1,55.374954290710285,188.1725386795041
Station_380,2024-01-14,1,58.37615445163145,112.65134223060916
Station_380,2024-02-04,1,18.529060697578466,140.18518169804662
Station_380,2024-02-19,1,9.206012694775316,171.52906284900433
Station_381,2024-01-17,1,54.62699762686274,133.87354748727378
Station_381,2024-01-24,1,28.079314202327826,51.11696041834038
Station_381,2024-02-18,1,37.688027665454456,36.14504292513976
Station_382,2024-01-13,1,49.74934189978176,120.49331851370953
Station_382,2024-01-22,1,37.1629261473043,150.5880090088091
Station_382,2024-01-23,1,57.03840397041998,131.27283438350912
Station_382,2024-02-04,1,10.317872226345198,140.77923681178387
Station_382,2024-02-20,1,21.05357940478484,87.70607895772629
Station_383,2024-01-19,1,36.2444170838149,41.839420171016016
Station_384,2024-02-11,1,20.09377734133772,69.13757165139597
Station_385,2024-02-10,1,63.43204575363278,164.8126761863139
Station_386,2024-01-26,1,23.52224181213657,110.66243108191637
Station_386,2024-02-04,1,58.91061762118734,136.99778676107564
Station_387,2024-01-16,1,8.93042648458991,226.77203689755015
Station_387,2024-02-11,1,63.30842211900583,228.28973783414983
Station_388,2024-01-28,1,41.97718283907795,191.7867331283101
Station_388,2024-02-14,1,53.71328701264429,53.487648197502914
Station_389,2024-02-17,1,66.24653780691024,75.25198060802678
Station_39,2024-01-22,1,34.66100210237426,190.5791365981414
Station_39,2024-02-13,1,9.98078152795496,111.22174932515324
Station_39,2024-02-24,1,60.25144069020241,164.1643288495021
Station_390,2024-01-02,1,37.37451606078376,173.5006190688449
Station_390,2024-01-21,1,25.13233553126914,113.99161541031954
Station_391,2024-01-01,1,60.71234573492677,35.48180552151004
Station_391,2024-01-02,1,12.049319706245154,82.43288147590734
Station_391,2024-01-04,1,41.01058174547109,202.01734652781028
Station_391,2024-01-27,1,65.539397780162,117.90747195154036
Station_391,2024-02-12,1,18.433946311771635,96.92755775189052
Station_392,2024-01-19,1,6.8738855284034415,89.66853148313369
Station_392,2024-01-25,1,28.86912479595657,69.23524498622807
Station_392,2024-02-08,1,69.10595990230438,75.42908373491686
Station_393,2024-01-21,1,41.27067550637497,209.4547653644109
Station_393,2024-02-17,1,53.35952018455622,202.9842267380961
Station_393,2024-02-21,1,43.12603811805074,165.92344738855587
Station_394,2024-01-24,1,60.63745352964948,105.23074650776668
Station_394,2024-02-08,1,60.28854286251064,111.18920592858493
Station_396,2024-02-01,1,22.515635144477624,213.3335930876272
Station_396,2024-02-19,1,19.93670718240265,114.3889911046964
Station_396,2024-02-24,1,27.994930739365664,88.5270896176985
Station_397,2024-01-18,1,12.666812834895836,139.04137862053037
Station_397,2024-01-27,1,6.337534264521747,56.48437485637298
Station_398,2024-01-13,1,29.318815538897795,123.76036061344706
Station_398,2024-02-17,1,30.726160737544745,180.0537573045011
Station_399,2024-02-01,1,6.695332951941997,128.0160877085308
Station_399,2024-02-05,1,77.26132089921293,176.25286389788712
Station_4,2024-01-18,1,72.71574852972469,40.92794591585768
Station_4,2024-02-01,1,68.26093768441355,144.81475907661232
Station_4,2024-02-17,1,8.28243853987389,74.71730500279199
Station_4,2024-02-22,1,65.92220415676107,199.09645403983623
Station_40,2024-02-11,1,24.87454059878397,55.629148026260665
Station_40,2024-02-24,1,68.18585286511737,194.29274569709216
Station_400,2024-01-11,1,76.57976765251057,37.47709756846684
Station_400,2024-01-12,1,47.904097938603606,69.67426403621616
Station_401,2024-01-08,1,10.640152157210183,184.8362075007504
Station_401,2024-01-18,1,15.342120681093242,203.5471350582652
Station_402,2024-01-02,1,57.72437946101146,112.41489582238664
Station_402,2024-01-08,1,50.16138087841768,239.06509581053305
Station_402,2024-01-24,1,34.38288065090023,151.2559841417016
Station_402,2024-02-01,1,73.86936259559798,71.80800857150858
Station_402,2024-02-07,1,47.63041181980813,92.98174018018408
Station_402,2024-02-17,1,37.49380570218128,111.28612140633209
Station_403,2024-01-25,1,66.82312116249,179.15729819954242
Station_403,2024-02-06,1,78.16770975170616,127.70850012252151
Station_404,2024-01-09,1,53.58667286183268,206.72307821518075
Station_404,2024-02-10,1,53.39896875032125,194.63652466028367
Station_404,2024-02-18,1,35.38265952853404,103.06968090050842
Station_405,2024-01-05,1,74.15366015953305,247.38386373508368
Station_405,2024-01-17,1,20.581387676280656,92.21666555043858
Station_405,2024-01-22,1,21.819378736342376,119.3550942368639
Station_405,2024-02-06,1,51.08539266561558,56.98536615560669
Station_405,2024-02-08,1,10.336644191193582,222.8573460975258
Station_407,2024-02-03,1,37.189293647002586,73.73048010439223
Station_408,2024-01-11,1,37.09360176408391,51.18522589122654
Station_408,2024-01-21,1,36.50542214391232,135.3315164803558
Station_408,2024-02-15,1,59.7683124702693,195.2366382479752
Station_409,2024-01-30,1,24.401133035107133,88.68138576584826
Station_409,2024-02-14,1,11.456912304995278,210.45522163888216
Station_409,2024-02-18,1,55.62849667174399,82.57025838428135
Station_41,2024-01-05,1,17.933479173039434,166.93257395887122
Station_41,2024-01-07,1,34.96988837156509,149.7961622104508
Station_410,2024-01-02,1,67.51805822343026,117.74043240931503
Station_410,2024-01-13,1,30.63992013217628,97.76030887704104
Station_410,2024-01-21,1,46.412062022825936,51.08424010887624
Station_410,2024-01-26,1,51.63684234428119,47.013127494565474
Station_412,2024-01-14,1,6.885479431723564,210.01207020815212
Station_412,2024-01-28,1,23.83688010187143,171.21895400528462
Station_412,2024-02-15,1,59.79776909471581,127.32908297150546
Station_412,2024-02-18,1,41.99326219500855,71.86151219514024
Station_413,2024-01-03,1,67.69516175123809,51.45494789009861
Station_413,2024-01-04,1,12.894887186031896,34.8902866829422
Station_413,2024-01-08,1,61.00032235899777,181.59149037795007
Station_414,2024-01-26,1,44.81719081526413,62.151526007748
Station_414,2024-02-05,1,56.51645587863174,180.19029283726636
Station_414,2024-02-06,1,76.95348907902107,206.5942278638688
Station_415,2024-02-04,1,41.24835865229704,169.6566699574476
Station_415,2024-02-06,1,51.20288962549678,86.82339818180422
Station_416,2024-01-28,1,29.34959503888956,153.58209437931546
Station_416,2024-02-16,1,8.335789160236999,145.97622801455623
Station_416,2024-02-20,1,28.337522357857683,135.644812340704
Station_417,2024-01-10,1,12.669821074783703,169.0094131607776
Station_417,2024-01-13,1,23.54038391979749,155.55583663614578
Station_417,2024-01-23,1,39.37124122897048,84.6825328583146
Station_418,2024-02-20,1,8.789017000425101,174.74762031693902
Station_419,2024-02-02,1,39.67667007009968,405.5491008188561
Station_419,2024-02-03,1,42.79819075847415,140.56268198027968
Station_419,2024-02-15,1,10.23177592340076,161.20709854011113
Station_42,2024-01-08,1,36.15792621947456,186.1096246448793
Station_42,2024-01-25,1,41.98075323406805,103.92812655383337
Station_42,2024-01-31,1,53.18988765045248,114.08745684587376
Station_42,2024-02-07,1,20.84637781774533,89.98626285079159
Station_42,2024-02-12,1,73.27597597314914,89.23265268575726
Station_42,2024-02-13,1,76.89240009827725,458.1086855605341
Station_420,2024-02-01,1,35.02666957024688,104.3712654468149
Station_420,2024-02-07,1,71.95569072472664,99.34459071249066
Station_420,2024-02-17,1,72.31121635965684,56.72281075463072
Station_420,2024-02-23,1,42.01795949517358,43.8159508234493
Station_421,2024-01-29,1,48.50288659256919,195.41739536677903
Station_422,2024-01-17,1,34.375669740166174,188.74474244941985
Station_422,2024-01-21,1,21.4095763682542,161.32484434306463
Station_422,2024-01-31,1,63.97196694472084,118.89058256816564
Station_423,2024-02-03,1,10.9113557932088,119.07267791499358
Station_423,2024-02-13,1,49.93390136150811,66.51735676359642
Station_424,2024-01-07,1,20.25597516487363,81.10221553292584
Station_424,2024-01-14,1,37.77161458127733,276.94693435859114
Station_424,2024-01-27,1,78.23764802345093,166.99271199245902
Station_424,2024-01-29,1,51.20692408624951,77.28636151525832
Station_424,2024-02-13,1,42.09423335073603,60.10353235128149
Station_425,2024-02-02,1,15.567795776598764,73.32128116519632
Station_426,2024-01-18,1,61.92710360384021,47.90422717374072
Station_426,2024-01-23,1,28.578878080059383,58.63678730876069
Station_426,2024-02-11,1,38.60563636862258,52.38546446416351
Station_426,2024-02-14,1,30.165570663990163,70.34715871239199
Station_427,2024-02-02,1,11.579770802296697,216.96598374733676
Station_428,2024-01-01,1,12.339275203733752,188.01912316128505
Station_428,2024-02-16,1,13.819971244902632,125.44665691480108
Station_429,2024-01-07,1,55.91756316726556,153.1929957243334
Station_429,2024-02-02,1,6.307290912653444,167.92957952001674
Station_429,2024-02-14,1,45.76954763488772,57.42313508787514
Station_43,2024-01-04,1,21.65616411567424,113.66561325444675
Station_43,2024-02-09,1,43.24493715557364,191.79193970624544
Station_430,2024-02-16,1,41.90586399017345,113.66928543528736
Station_431,2024-01-25,1,70.536636587169,149.0488393566817
Station_431,2024-02-11,1,73.78086491491091,228.31393752906757
Station_431,2024-02-13,1,61.03806279047378,119.6261037366491
Station_433,2024-01-09,1,52.50980894268295,165.8594152443702
Station_433,2024-01-10,1,55.46412783572684,35.06788352543625
Station_433,2024-02-03,1,27.00471085893386,206.48945386509487
Station_433,2024-02-09,1,12.442167206200743,175.35774404418584
Station_433,2024-02-15,1,15.42551087839598,102.56250757321148
Station_433,2024-02-16,1,15.774763064545793,161.38474192252963
Station_434,2024-01-01,1,42.63801819167288,48.45192949570797
Station_434,2024-02-02,1,52.183521493408925,172.8119437195284
Station_435,2024-01-24,1,65.5974266945568,61.61357078555257
Station_436,2024-01-10,1,15.273666673214588,171.90650358447846
Station_436,2024-01-13,1,32.52486104511656,137.24979025845653
Station_436,2024-01-24,1,32.34799932603372,234.8809078012875
Station_436,2024-02-12,1,62.0462303749696,55.36587903381266
Station_437,2024-02-06,1,48.75767260331637,151.01319196860436
Station_438,2024-01-02,1,56.59325685914933,189.1954352983678
Station_438,2024-01-20,1,21.002230102472843,111.80615848147998
Station_438,2024-01-30,1,12.12848439962642,177.25833200578518
Station_439,2024-02-04,1,60.08034819074353,124.69830765700767
Station_439,2024-02-12,1,26.967931002629683,164.11518960725633
Station_439,2024-02-23,1,10.185000186311704,204.6869822428011
Station_44,2024-01-13,1,65.2254522844251,165.5991723965838
Station_44,2024-01-15,1,56.69330149715174,143.5111427286765
Station_44,2024-01-21,2,54.7241369508767,171.24513788054327
Station_44,2024-02-06,1,40.257196883863706,86.49292556132734
Station_44,2024-02-20,1,97.6677653925048,169.14248551852927
Station_440,2024-01-22,1,70.38996843882086,98.24829800535356
Station_441,2024-01-19,1,71.12558827151543,49.40843109516752
Station_442,2024-01-06,1,9.15123419135714,154.72394676689498
Station_442,2024-01-08,1,6.08863208957066,197.0967968610123
Station_442,2024-01-12,1,36.53187940069507,159.0990516355362
Station_442,2024-02-10,1,65.03081468702587,134.62445420957118
Station_442,2024-02-24,1,21.795382498227173,70.31244191586204
Station_443,2024-01-16,1,68.25299905062542,97.9197446176652
Station_443,2024-01-22,1,29.379323254386147,222.80338113971789
Station_443,2024-02-17,1,33.467398984964014,203.1693052521137
Station_443,2024-02-22,1,20.07464990247556,148.14631340369863
Station_444,2024-01-05,1,8.469643800499997,117.37069007872157
Station_444,2024-01-06,1,30.06513890238722,76.04579733444183
Station_444,2024-02-08,1,51.89127939896392,111.2507551137133
Station_444,2024-02-24,1,21.918495812082128,100.3884571359414
Station_445,2024-01-29,1,54.860003290031365,104.45428331550892
Station_445,2024-02-09,1,68.8333119385666,97.41282322501306
Station_446,2024-01-18,1,5.650181738384828,38.39708704754657
Station_446,2024-01-21,1,54.99770543084315,208.7177570923547
Station_446,2024-02-03,1,15.187432130994928,164.07585423057617
Station_446,2024-02-09,1,6.269100759870733,64.91761736024274
Station_446,2024-02-16,1,29.6808062667524,223.29701547349208
Station_447,2024-01-06,1,66.15159678916712,183.74065766276524
Station_447,2024-01-19,1,72.83010773877143,96.47091154157368
Station_448,2024-01-05,1,36.13726899530781,146.96078727075442
Station_448,2024-02-05,1,73.07614589143651,356.73427725240026
Station_45,2024-01-02,1,39.940563619980615,208.20020601222967
Station_45,2024-01-08,1,55.18877391493572,84.87034567073594
Station_45,2024-02-06,1,62.74942109140281,124.39944624509764
Station_45,2024-02-20,1,55.691891653122006,172.24882281323255
Station_450,2024-01-10,1,32.64266713861244,33.63845406869638
Station_450,2024-02-19,1,72.94073165721504,216.55378917998385
Station_451,2024-01-13,1,74.49108355632316,171.54482882265464
Station_451,2024-01-18,1,60.26038300407493,181.82381013302472
Station_451,2024-02-01,1,35.89954921191294,106.3468217122113
Station_451,2024-02-20,1,17.628897372729085,103.81658424195342
Station_452,2024-01-01,1,78.86860745126785,121.61248145906146
Station_452,2024-02-05,1,61.56734925121615,222.61652447985745
Station_453,2024-02-08,1,55.17152825512059,137.1476337118309
Station_454,2024-01-17,1,54.88401335852117,113.20623034117396
Station_455,2024-01-23,1,53.17397382318082,37.59205871367073
Station_455,2024-02-13,1,57.92746599973164,102.92821932401668
Station_457,2024-01-14,1,6.521023617093562,57.003230715567405
Station_457,2024-02-04,1,53.648424429654725,204.51253270199052
Station_457,2024-02-14,1,34.60220459389867,151.13033419071294
Station_458,2024-02-21,1,53.11979970086487,108.43964177270804
Station_458,2024-02-24,1,60.7251438890711,141.95945535823566
Station_459,2024-01-13,1,78.15878931012135,92.88800971899282
Station_459,2024-01-26,1,44.95337165292389,95.5425373424836
Station_459,2024-01-27,1,30.549130796547445,224.8195474889112
Station_46,2024-01-11,1,29.01396645530415,151.5259665307058
Station_46,2024-01-14,1,50.596951312425645,208.39036943977956
Station_460,2024-01-20,1,23.02231536206597,158.738243859201
Station_460,2024-01-22,1,67.93942571536539,73.38371355624437
Station_460,2024-01-27,1,43.51234710063929,70.87314687914977
Station_460,2024-02-01,1,74.13419248313946,131.18248043698148
Station_461,2024-01-02,1,39.398742356080696,143.86292163105614
Station_461,2024-01-15,1,29.29844560325747,112.40381147063404
Station_461,2024-01-29,1,7.275443511373867,161.43619530940165
Station_461,2024-02-05,1,35.84392988591518,35.04809674023026
Station_461,2024-02-07,1,39.6867657804195,84.1749241518412
Station_461,2024-02-12,1,30.773548133404887,185.87484495105664
Station_461,2024-02-22,1,27.63793401856366,115.23473045581704
Station_462,2024-02-02,1,19.97640696261344,137.2405745116791
Station_463,2024-02-06,1,36.26259614170952,120.7416084564419
Station_463,2024-02-18,1,68.20904345854468,170.65146950181625
Station_463,2024-02-19,1,7.446816605478516,208.8862901411885
Station_464,2024-02-05,1,24.797064059890324,229.24730963731852
Station_466,2024-02-13,1,14.49216023800693,233.35555411703567
Station_468,2024-02-07,1,30.576281983940227,60.82395154351639
Station_468,2024-02-11,1,34.95512440558501,101.08203029954645
Station_468,2024-02-17,1,64.9305064614647,223.95466239687877
Station_469,2024-01-20,2,123.00777834461502,217.82291216924477
Station_469,2024-02-05,1,5.01388964715821,60.74034769380355
Station_469,2024-02-12,1,53.20639354696602,236.94577491098244
Station_47,2024-01-09,1,17.854873424356434,150.30033783989327
Station_47,2024-02-16,1,12.043247362327255,61.71734842435447
Station_470,2024-01-27,1,15.474096088332848,47.26791857103771
Station_471,2024-02-10,1,32.598880789009,143.18204506484844
Station_471,2024-02-12,1,71.7085068763758,326.64549574751953
Station_472,2024-01-07,1,14.495687027174723,152.76775550658326
Station_472,2024-01-17,1,26.4021039498391,57.48134044810952
Station_472,2024-02-04,1,31.88807233965004,83.31428514418747
Station_474,2024-01-06,1,47.37743937319623,77.97162215955377
Station_474,2024-01-27,1,62.91943734898983,66.63377890009794
Station_474,2024-02-04,1,20.026313858630445,109.61602124809656
Station_474,2024-02-23,1,52.73977320604877,130.88338852248725
Station_475,2024-02-08,1,38.00957724097448,169.8141787442352
Station_476,2024-01-09,1,73.61433544405698,219.9191350688085
Station_477,2024-01-20,1,38.59965910016511,234.6848832950173
Station_477,2024-01-23,1,63.023554629150055,79.69371553304057
Station_477,2024-02-16,1,75.09027362309024,110.96508028148462
Station_478,2024-01-20,1,25.892596490424456,154.48218285878175
Station_478,2024-01-29,1,57.23283445266599,83.37842111703847
Station_478,2024-02-05,1,6.535781252164842,102.33267427834664
Station_478,2024-02-19,1,17.199039032159078,99.79080784626773
Station_479,2024-02-04,1,72.79850067918807,220.5218845058547
Station_479,2024-02-09,1,78.93551157563188,165.47167308316597
Station_479,2024-02-17,1,55.095255841104894,77.3663392867611
Station_479,2024-02-19,1,61.90801716904538,185.986075297437
Station_479,2024-02-22,1,33.694161775319,238.96995894876804
Station_48,2024-01-16,1,26.992344080966543,212.93901153405255
Station_48,2024-02-04,1,51.02335300165405,182.09056523081665
Station_480,2024-01-10,1,65.24475504703462,52.71910092480815
Station_480,2024-01-16,1,73.09045077014305,105.2428768391123
Station_480,2024-02-07,1,50.51448558506964,133.72375554440455
Station_480,2024-02-21,1,35.15737675512804,9.258041033304297
Station_481,2024-01-06,1,45.99296137212069,170.74234216153152
Station_481,2024-01-10,1,66.62370004100543,73.7486527228887
Station_482,2024-01-30,1,77.45749045486116,180.63104310881985
Station_483,2024-02-22,1,10.390644028146834,89.04213296392527
Station_484,2024-01-14,1,55.420912210556,220.4646015443805
Station_484,2024-02-09,1,26.22106760279984,66.83160289618826
Station_485,2024-01-01,1,59.1350316162392,175.90568970574478
Station_485,2024-01-09,1,6.377874090357831,54.21116457555605
Station_485,2024-01-27,3,113.68818161047335,210.75092699971515
Station_486,2024-02-10,1,73.45257577678328,218.6735621702784
Station_486,2024-02-11,1,76.1733008089697,90.36599383585742
Station_486,2024-02-14,1,66.40550756937826,181.6015613985374
Station_486,2024-02-20,1,45.858999052265375,78.5597568521176
Station_486,2024-02-22,1,26.586710215463047,103.46619535641366
Station_487,2024-01-12,1,55.415049767383415,138.89586877448534
Station_487,2024-01-29,1,28.788056755331933,191.5096713712615
Station_487,2024-02-20,1,65.10291874065945,61.24951551090825
Station_488,2024-01-15,1,28.86406095922916,126.82028311595543
Station_488,2024-02-01,1,12.010095267833266,45.177575708651965
Station_489,2024-02-23,1,6.448880265075534,134.78601109068993
Station_49,2024-01-11,2,61.97580912088245,114.28734298035964
Station_49,2024-01-13,1,54.52901286506665,38.586290473040606
Station_49,2024-02-03,1,70.17135459506048,229.67674989606428
Station_49,2024-02-04,1,8.75167001874184,188.13214214440137
Station_49,2024-02-08,1,45.6603131979625,150.35833627735482
Station_492,2024-02-05,1,22.572882450288343,177.60884939291702
Station_493,2024-01-01,1,43.59237228216989,103.45221594796644
Station_493,2024-02-11,1,34.99715934379533,47.21728713711167
Station_493,2024-02-24,1,16.126089718922938,234.57664681832637
Station_494,2024-01-06,1,64.41904928508166,191.40078620597367
Station_494,2024-02-17,1,9.79334907118558,225.61413761170013
Station_496,2024-01-08,1,63.62653233247981,122.40132690586408
Station_496,2024-01-29,1,5.356309335174382,180.0821428943384
Station_496,2024-01-30,1,5.583797770172537,170.03561895987156
Station_497,2024-01-29,1,9.44816711008226,87.94827095665572
Station_497,2024-02-12,1,24.155781563888247,138.16267260915262
Station_498,2024-01-06,1,37.787903717013286,217.43389613169796
Station_498,2024-02-06,1,68.21934425725472,53.18702288163338
Station_498,2024-02-20,2,60.16457753459191,114.15516202685083
Station_499,2024-02-19,1,35.017606522824096,170.92893664414296
Station_5,2024-01-26,1,26.29222408241131,106.72924865233614
Station_5,2024-01-27,1,6.978771350415376,173.51161296011767
Station_5,2024-02-10,1,63.991170227375775,196.42235865485569
Station_51,2024-01-15,1,62.09565922628094,148.67612789310795
Station_51,2024-01-21,2,118.48523040009935,189.55425117862816
Station_51,2024-02-04,1,62.63359253447133,40.13126585867375
Station_51,2024-02-21,1,8.641282040664738,149.67977629583686
Station_52,2024-02-21,1,43.95822631658241,106.07175493130838
Station_53,2024-01-16,1,45.71947918248383,172.32970381616096
Station_55,2024-01-03,2,80.62696629205273,95.23636245805648
Station_55,2024-01-11,1,66.52076448264908,12.397852988562816
Station_55,2024-02-11,1,26.509679689140484,131.40300545681114
Station_56,2024-01-05,1,43.4453789766191,84.35339464370367
Station_56,2024-01-31,1,56.55292752021,157.2621154869001
Station_56,2024-02-22,1,45.15937317195059,55.14277793997769
Station_57,2024-01-22,1,41.943586371262185,152.21737939957532
Station_57,2024-01-23,1,44.87005617634201,95.2403862415088
Station_57,2024-01-26,1,21.4227595329351,44.09277692053385
Station_57,2024-02-11,1,77.63851676623986,214.6518565518789
Station_57,2024-02-14,1,34.895113266087755,96.20381404871428
Station_57,2024-02-24,1,42.01165353037616,85.58665931931138
Station_58,2024-01-02,1,38.28919933554271,120.45984325596436
Station_58,2024-01-31,1,36.22941276064402,113.14134166016356
Station_58,2024-02-09,1,6.006718634009571,140.1427293942199
Station_59,2024-02-03,1,6.661747206218264,246.60375746256096
Station_6,2024-01-04,1,71.61568949106118,210.90072038153767
Station_61,2024-01-04,1,27.84315247164263,152.5883796444447
Station_61,2024-02-02,1,53.71493232990424,101.54203748373378
Station_62,2024-01-05,1,47.71409590115245,70.61035849475323
Station_62,2024-02-07,1,41.88651470928026,224.4669564583837
Station_62,2024-02-09,1,11.431328818332826,116.24897313970104
Station_62,2024-02-13,1,58.94085857253415,192.32090959364888
Station_63,2024-01-13,1,70.62045542020036,38.22161429818638
Station_63,2024-02-02,1,5.755335112421237,95.31951714777418
Station_63,2024-02-09,1,78.23675255331868,228.99736403503013
Station_63,2024-02-13,1,44.88676331081039,122.47543145950095
Station_64,2024-01-23,1,56.61749580017371,75.32572130735227
Station_65,2024-01-28,1,69.71594630744188,226.98590674653812
Station_66,2024-01-14,1,44.06555274761643,44.32991345163857
Station_66,2024-02-23,1,47.76784734327861,160.76708320891743
Station_67,2024-01-03,1,61.13047583037784,56.836632534142616
Station_67,2024-02-21,1,11.139612943722046,46.0304848549551
Station_68,2024-01-13,1,78.39905610034737,31.913088215262345
Station_68,2024-01-29,1,47.19744469005413,93.07627694993388
Station_68,2024-02-07,1,58.92443565485458,132.06946564147813
Station_68,2024-02-18,1,24.267335453342245,98.42544229587052
Station_69,2024-01-03,1,50.26893407436542,100.7015051932754
Station_69,2024-01-16,2,73.09382944798489,79.14467698335156
Station_69,2024-02-02,1,62.61550758556181,108.90272398311156
Station_69,2024-02-08,1,29.98141610704047,39.71877469274198
Station_69,2024-02-24,1,7.917185918511961,107.63422437478818
Station_7,2024-02-07,1,79.2780822184147,233.6868141938892
Station_7,2024-02-21,1,38.13860653803928,56.883373692721634
Station_70,2024-01-22,1,73.61974524719619,210.7446586205378
Station_71,2024-01-04,1,59.9864767329939,223.76192399009065
Station_71,2024-01-05,1,55.72920335411825,229.7407085951368
Station_71,2024-01-12,1,79.0022597060318,233.5892922897096
Station_71,2024-01-15,1,33.370542026215475,149.18251515582725
Station_71,2024-01-31,1,70.3848328268497,62.79723939260735
Station_71,2024-02-10,1,8.259211353059325,55.66443255292713
Station_72,2024-01-24,1,37.42669941100735,141.21146746799258
Station_72,2024-02-16,1,79.97267190690829,69.47661313596711
Station_73,2024-01-09,1,13.105812024979125,34.14374009036511
Station_74,2024-01-05,1,6.503953233800639,89.26800518480333
Station_74,2024-01-06,1,78.69341922441535,171.36375388385545
Station_74,2024-01-08,1,33.78434419301355,81.0061096912057
Station_74,2024-01-22,1,20.45364201596675,55.18743861008251
Station_74,2024-02-19,1,24.54169744898367,102.77362465034012
Station_74,2024-02-20,1,23.86992273236189,146.48526809792767
Station_75,2024-01-31,1,28.248510232660248,154.413068935906
Station_76,2024-01-10,1,25.35411411775736,36.798829227625696
Station_76,2024-01-26,1,49.73870005239731,120.93103532362082
Station_76,2024-02-02,1,67.90283934003946,50.11912471524594
Station_76,2024-02-05,1,65.12042574597822,145.56350262155144
Station_76,2024-02-15,1,15.729551165353076,232.96047557754895
Station_77,2024-01-26,1,21.76458667261335,120.60060807787252
Station_77,2024-02-23,1,30.98756655243088,115.96835665491504
Station_78,2024-01-01,1,22.564929484106763,123.47331729122692
Station_78,2024-01-13,1,20.763187642544253,161.193898898079
Station_78,2024-01-15,1,79.97807283663732,55.1908036271203
Station_78,2024-01-31,1,12.350406115320627,89.97341275675183
Station_78,2024-02-08,1,37.1185672622842,33.8231136516717
Station_78,2024-02-20,1,41.01292040629061,184.17253839417216
Station_79,2024-01-03,1,70.61729259484447,196.80857812636148
Station_79,2024-01-09,1,6.961875674256488,145.36655580329642
Station_79,2024-01-14,1,62.3191755518106,175.48411634995213
Station_8,2024-01-19,1,39.46218311483076,98.7245884856018
Station_8,2024-01-20,1,16.47214029543078,106.30291902761734
Station_80,2024-02-05,1,61.12076151907815,51.787379160823846
Station_80,2024-02-10,1,31.55147285240084,200.01207347697007
Station_81,2024-01-01,1,50.27906667357191,190.1323735313442
Station_81,2024-02-13,1,49.40924272632639,172.7588549014177
Station_82,2024-01-04,1,57.92445004054599,75.66703755419142
Station_82,2024-01-09,1,55.97943470013186,66.41174897667925
Station_82,2024-01-26,1,14.0255330182289,136.60609806370115
Station_82,2024-02-16,1,23.915003796268465,139.9685290332045
Station_82,2024-02-17,1,15.10403338179977,173.49376704684454
Station_83,2024-02-01,1,57.97765788877307,171.5448187863429
Station_84,2024-01-14,1,13.3246110441358,82.9211909543904
Station_84,2024-01-16,1,30.036118378192803,98.60893514588037
Station_84,2024-01-24,1,64.60983161155823,73.61366003349548
Station_84,2024-02-06,1,72.95818104852783,175.06960110427434
Station_84,2024-02-24,1,26.17745506640429,257.9521484537049
Station_85,2024-01-18,1,37.28701875736325,114.2830808900888
Station_85,2024-02-08,1,35.34544122101473,126.80065796376836
Station_86,2024-01-21,1,27.61163115157696,130.48308057799585
Station_87,2024-01-03,1,46.1951370011332,39.0304547433601
Station_87,2024-01-14,1,23.01969383741985,174.58243617542746
Station_87,2024-02-12,1,10.347606688667652,199.10854491896652
Station_88,2024-01-24,1,54.78487940320012,110.13094300095815
Station_88,2024-01-27,1,18.39971040043272,123.93122337325188
Station_88,2024-02-18,1,27.70606778534244,171.50097061037292
Station_88,2024-02-21,1,77.69879024520026,73.49382944541324
Station_89,2024-01-06,1,48.48756787108178,33.836276138032105
Station_89,2024-01-25,1,14.355208491625932,105.97793277124184
Station_9,2024-01-16,1,64.94285706525936,218.2076820347028
Station_9,2024-01-30,1,58.281853729008496,136.85657810740645
Station_9,2024-02-01,1,48.330182762063146,129.2487738131693
Station_90,2024-01-05,1,31.046574961450595,41.416897472438585
Station_90,2024-01-12,1,30.53308100745638,138.0003020481821
Station_90,2024-01-26,1,67.13334039157891,74.04928815238036
Station_90,2024-01-30,1,28.68467333811884,194.79437395808088
Station_90,2024-02-03,1,7.8588683891368705,201.66772234730183
Station_92,2024-01-10,1,11.92593792090742,164.94178231895356
Station_92,2024-02-08,1,41.74488149336455,156.47164513311782
Station_92,2024-02-10,1,76.66382798129307,251.3808626557729
Station_93,2024-01-17,1,46.55965371578422,99.94539217111772
Station_93,2024-02-11,1,78.13016919490377,202.24608275361297
Station_93,2024-02-21,1,77.2662199543138,209.88731876458752
Station_94,2024-01-08,1,47.82436784944839,122.81246287882156
Station_95,2024-02-10,1,58.50930203255331,96.534770638267
Station_96,2024-01-01,1,12.927545290947553,205.30856027044496
Station_96,2024-02-16,1,48.38617697981442,224.30186725974477
Station_97,2024-01-02,2,104.09755354985953,80.2236273948354
Station_97,2024-01-03,1,21.82768817738645,124.92600042758389
Station_97,2024-01-05,1,41.264155052372864,216.26728459989715
Station_97,2024-02-09,1,11.28842885033608,143.5705793213114
Station_98,2024-01-13,1,66.17491556109752,95.45348393765188
Station_98,2024-02-01,1,73.80921664182601,142.19216881379333
Station_98,2024-02-04,1,42.222770261485735,139.40675392676414
Station_99,2024-01-30,1,23.2226343840928,39.38915765652827
Station_99,2024-02-15,1,35.38682540127056,138.46761715116065
